{"stats":{"minecraft:killed_by":{"minecraft:spider":1,"alexsmobs:centipede_head":1,"minecraft:skeleton":2,"minecraft:witch":2},"minecraft:picked_up":{"minecraft:crafting_table":6,"minecraft:iron_trapdoor":1,"minecraft:string":3,"biomesoplenty:tall_lavender":2,"minecraft:beetroot":1,"minecraft:cobbled_deepslate":20,"minecraft:beef":31,"biomesoplenty:redwood_wood":5,"minecraft:sugar_cane":4,"minecraft:egg":1,"minecraft:furnace":3,"minecraft:stick":4,"minecraft:raw_iron":15,"biomesoplenty:redwood_boat":1,"minecraft:torch":1,"minecraft:spruce_fence":1,"minecraft:porkchop":10,"minecraft:diorite":10,"minecraft:stone_pressure_plate":2,"minecraft:arrow":4,"minecraft:rotten_flesh":13,"minecraft:gold_ingot":9,"minecraft:mutton":4,"minecraft:cobblestone":81,"minecraft:white_wool":5,"minecraft:andesite":6,"biomesoplenty:goldenrod":2,"minecraft:leather":11,"minecraft:red_glazed_terracotta":2,"minecraft:oak_log":5,"minecraft:lily_pad":1,"minecraft:lapis_lazuli":20,"minecraft:bone":2,"minecraft:stone_bricks":1,"minecraft:kelp":1,"minecraft:wheat_seeds":5,"minecraft:raw_gold":8,"minecraft:iron_ingot":20,"minecraft:stone_pickaxe":1,"minecraft:glowstone_dust":2,"minecraft:oak_planks":28,"minecraft:iron_sword":1,"minecraft:book":57,"minecraft:ink_sac":1,"minecraft:white_bed":3,"minecraft:spider_eye":2,"minecraft:bundle":1,"minecraft:diamond":2,"minecraft:emerald":1,"minecraft:bread":16,"biomesoplenty:pink_daffodil":2,"minecraft:coal":92,"minecraft:dark_oak_fence":1},"minecraft:killed":{"minecraft:cave_spider":2,"minecraft:witch":5,"minecraft:spider":1,"minecraft:skeleton":3,"minecraft:drowned":1,"minecraft:pig":5,"minecraft:sheep":2,"minecraft:zombie":7,"minecraft:cow":14},"minecraft:mined":{"minecraft:dark_prismarine":7,"minecraft:stone_pressure_plate":2,"minecraft:white_bed":3,"minecraft:deepslate_diamond_ore":1,"minecraft:dark_oak_fence":1,"biomesoplenty:bush":1,"minecraft:spruce_fence":1,"minecraft:spawner":2,"biomesoplenty:tall_lavender":2,"minecraft:furnace":2,"minecraft:iron_ore":14,"biomesoplenty:lavender":1,"minecraft:deepslate_lapis_ore":1,"minecraft:bookshelf":22,"biomesoplenty:high_grass":92,"minecraft:deepslate_iron_ore":1,"minecraft:stone":2,"biomesoplenty:jacaranda_leaves":1,"minecraft:crafting_table":5,"minecraft:torch":1,"biomesoplenty:high_grass_plant":112,"minecraft:tall_grass":12,"minecraft:red_glazed_terracotta":1,"minecraft:lapis_ore":2,"minecraft:sugar_cane":1,"minecraft:sculk":1,"minecraft:diorite":1,"biomesoplenty:goldenrod":3,"biomesoplenty:pink_daffodil":2,"minecraft:lilac":1,"minecraft:birch_leaves":3,"minecraft:grass":37,"minecraft:oak_log":5,"minecraft:coal_ore":26,"minecraft:sunflower":1,"minecraft:cobweb":1,"biomesoplenty:redwood_wood":5,"minecraft:oak_leaves":6,"minecraft:iron_trapdoor":1,"minecraft:deepslate":1},"minecraft:used":{"minecraft:shield":1,"minecraft:iron_sword":205,"minecraft:rotten_flesh":4,"minecraft:torch":5,"biomesoplenty:redwood_boat":2,"minecraft:furnace":3,"tombstone:gift":4,"minecraft:cooked_beef":2,"minecraft:stone_pickaxe":70,"minecraft:white_wool":1,"minecraft:crafting_table":8,"minecraft:white_bed":3,"justhammers:iron_hammer":30,"minecraft:bread":48,"minecraft:stone_axe":45,"minecraft:cobblestone":64,"alexsmobs:animal_dictionary":1},"minecraft:crafted":{"minecraft:oak_planks":20,"minecraft:iron_boots":1,"minecraft:stone_pickaxe":2,"minecraft:chest":1,"sophisticatedbackpacks:iron_backpack":1,"minecraft:cooked_beef":2,"sophisticatedbackpacks:backpack":1,"minecraft:crafting_table":4,"biomesoplenty:redwood_planks":20,"minecraft:iron_sword":1,"sophisticatedbackpacks:gold_backpack":1,"minecraft:stone_axe":1,"minecraft:air":0,"biomesoplenty:redwood_boat":1,"justhammers:iron_hammer":1,"minecraft:iron_chestplate":1,"minecraft:shield":1,"minecraft:stick":12,"minecraft:iron_ingot":15,"minecraft:iron_leggings":1,"minecraft:white_bed":1,"minecraft:torch":4},"minecraft:custom":{"minecraft:mob_kills":42,"minecraft:interact_with_crafting_table":22,"minecraft:open_barrel":2,"minecraft:leave_game":3,"minecraft:time_since_death":84638,"minecraft:climb_one_cm":10193,"minecraft:sprint_one_cm":316174,"minecraft:walk_one_cm":157385,"minecraft:damage_blocked_by_shield":25,"minecraft:drop":34,"minecraft:play_time":108107,"minecraft:deaths":6,"minecraft:sneak_time":16771,"minecraft:walk_under_water_one_cm":8806,"minecraft:boat_one_cm":190834,"minecraft:jump":2776,"minecraft:walk_on_water_one_cm":11632,"minecraft:total_world_time":108107,"minecraft:interact_with_furnace":34,"tombstone:raider_killed":5,"minecraft:sleep_in_bed":2,"minecraft:time_since_rest":19705,"minecraft:damage_taken":3811,"tombstone:sneak_grave":1,"minecraft:damage_dealt":7673,"minecraft:swim_one_cm":21911,"minecraft:fly_one_cm":628130,"minecraft:open_chest":10,"minecraft:crouch_one_cm":76325,"tombstone:undead_killed":11,"minecraft:fall_one_cm":133896,"minecraft:horse_one_cm":8658},"minecraft:dropped":{"minecraft:iron_sword":1,"minecraft:wheat_seeds":5,"biomesoplenty:pink_daffodil":2,"biomesoplenty:goldenrod":2,"minecraft:packed_ice":15,"minecraft:diorite":10,"minecraft:iron_trapdoor":1,"minecraft:ink_sac":1,"minecraft:dark_oak_fence":1,"minecraft:lily_pad":1,"minecraft:red_glazed_terracotta":2,"minecraft:kelp":1,"minecraft:sugar_cane":4,"minecraft:cobbled_deepslate":25,"minecraft:tuff":1,"minecraft:beetroot":2,"minecraft:rotten_flesh":13,"minecraft:oak_planks":16,"minecraft:spruce_fence":1,"minecraft:bundle":1,"minecraft:andesite":6,"minecraft:stone_bricks":1,"minecraft:stone_pressure_plate":2,"minecraft:spider_eye":2,"minecraft:stone_pickaxe":1,"minecraft:egg":1}},"DataVersion":3465}