{"stats":{"minecraft:killed_by":{"minecraft:spider":1,"alexsmobs:centipede_head":1,"minecraft:skeleton":2,"minecraft:witch":2},"minecraft:picked_up":{"minecraft:crafting_table":6,"minecraft:iron_trapdoor":1,"minecraft:string":6,"biomesoplenty:tall_lavender":4,"minecraft:beetroot":1,"minecraft:cobbled_deepslate":20,"minecraft:beef":31,"biomesoplenty:redwood_wood":5,"minecraft:melon_slice":67,"minecraft:sugar_cane":4,"minecraft:egg":1,"minecraft:furnace":4,"minecraft:stick":4,"minecraft:raw_iron":15,"biomesoplenty:redwood_boat":1,"minecraft:torch":1,"minecraft:spruce_fence":1,"minecraft:porkchop":10,"minecraft:diorite":10,"minecraft:stone_pressure_plate":2,"minecraft:arrow":9,"minecraft:rotten_flesh":16,"minecraft:gold_ingot":9,"minecraft:mutton":4,"minecraft:cobblestone":107,"minecraft:white_wool":5,"minecraft:andesite":6,"biomesoplenty:goldenrod":2,"minecraft:leather":11,"minecraft:red_glazed_terracotta":2,"minecraft:oak_log":5,"minecraft:lily_pad":1,"minecraft:lapis_lazuli":20,"minecraft:bone":2,"minecraft:stone_bricks":1,"minecraft:kelp":1,"minecraft:wheat_seeds":6,"minecraft:raw_gold":8,"minecraft:iron_ingot":20,"minecraft:stone_pickaxe":1,"minecraft:glowstone_dust":2,"minecraft:oak_planks":28,"minecraft:iron_sword":1,"minecraft:book":57,"minecraft:chiseled_stone_bricks":2,"minecraft:sand":30,"minecraft:ink_sac":1,"minecraft:white_bed":4,"minecraft:spider_eye":2,"minecraft:mossy_cobblestone":18,"minecraft:bundle":1,"minecraft:diamond":2,"minecraft:lever":1,"evilcraft:dark_gem":9,"minecraft:emerald":1,"minecraft:bread":16,"biomesoplenty:pink_daffodil":2,"minecraft:coal":92,"minecraft:dark_oak_fence":1},"minecraft:killed":{"minecraft:cave_spider":2,"minecraft:witch":5,"minecraft:spider":1,"minecraft:skeleton":3,"minecraft:drowned":1,"minecraft:pig":5,"minecraft:sheep":2,"minecraft:zombie":11,"minecraft:cow":14},"minecraft:mined":{"minecraft:dark_prismarine":7,"minecraft:stone_pressure_plate":2,"minecraft:white_bed":4,"minecraft:mossy_cobblestone":1,"minecraft:deepslate_diamond_ore":1,"minecraft:dark_oak_fence":1,"biomesoplenty:bush":1,"minecraft:grass_block":1,"minecraft:spruce_fence":1,"minecraft:spawner":2,"biomesoplenty:tall_lavender":2,"minecraft:furnace":3,"minecraft:iron_ore":14,"biomesoplenty:lavender":1,"evilcraft:dark_ore":2,"minecraft:deepslate_lapis_ore":1,"minecraft:bookshelf":22,"minecraft:vine":1,"biomesoplenty:high_grass":92,"minecraft:deepslate_iron_ore":1,"minecraft:stone":6,"biomesoplenty:jacaranda_leaves":1,"minecraft:crafting_table":5,"minecraft:torch":1,"minecraft:melon":12,"biomesoplenty:high_grass_plant":112,"minecraft:cobblestone":10,"minecraft:tall_grass":12,"minecraft:red_glazed_terracotta":1,"minecraft:lapis_ore":2,"minecraft:sugar_cane":1,"minecraft:sculk":1,"minecraft:diorite":1,"biomesoplenty:goldenrod":3,"biomesoplenty:pink_daffodil":2,"minecraft:lilac":1,"minecraft:birch_leaves":3,"minecraft:grass":38,"minecraft:oak_log":5,"minecraft:coal_ore":26,"minecraft:sunflower":1,"minecraft:sand":30,"minecraft:dirt":3,"minecraft:cobweb":1,"minecraft:dispenser":1,"biomesoplenty:redwood_wood":5,"minecraft:oak_leaves":6,"minecraft:iron_trapdoor":1,"minecraft:deepslate":1,"minecraft:fern":9},"minecraft:used":{"minecraft:shield":1,"minecraft:iron_sword":243,"minecraft:rotten_flesh":4,"minecraft:torch":5,"biomesoplenty:redwood_boat":2,"minecraft:furnace":4,"tombstone:gift":4,"minecraft:cooked_beef":9,"minecraft:stone_pickaxe":86,"minecraft:white_wool":1,"minecraft:crafting_table":9,"minecraft:white_bed":4,"justhammers:iron_hammer":42,"minecraft:melon_slice":7,"minecraft:bread":48,"minecraft:stone_axe":45,"minecraft:cobblestone":88,"alexsmobs:animal_dictionary":1,"minecraft:soul_torch":1},"minecraft:crafted":{"evilcraft:dark_spike":16,"minecraft:oak_planks":20,"minecraft:glass":9,"minecraft:iron_boots":1,"evilcraft:blood_extractor":3,"minecraft:stone_pickaxe":2,"minecraft:chest":1,"sophisticatedbackpacks:iron_backpack":1,"minecraft:cooked_beef":31,"sophisticatedbackpacks:backpack":1,"minecraft:crafting_table":4,"biomesoplenty:redwood_planks":20,"minecraft:iron_sword":1,"sophisticatedbackpacks:gold_backpack":1,"minecraft:stone_axe":1,"minecraft:air":0,"biomesoplenty:redwood_boat":1,"justhammers:iron_hammer":1,"minecraft:iron_chestplate":1,"minecraft:shield":1,"minecraft:stick":12,"minecraft:iron_ingot":15,"minecraft:iron_leggings":1,"minecraft:white_bed":1,"minecraft:torch":4},"minecraft:custom":{"minecraft:mob_kills":46,"minecraft:interact_with_crafting_table":28,"minecraft:open_barrel":2,"minecraft:leave_game":3,"minecraft:time_since_death":108638,"minecraft:climb_one_cm":10193,"minecraft:sprint_one_cm":377242,"minecraft:walk_one_cm":190927,"minecraft:damage_blocked_by_shield":25,"minecraft:drop":47,"minecraft:play_time":132107,"minecraft:deaths":6,"minecraft:sneak_time":17958,"minecraft:walk_under_water_one_cm":11045,"minecraft:boat_one_cm":190834,"minecraft:jump":3294,"minecraft:walk_on_water_one_cm":14894,"minecraft:total_world_time":132107,"minecraft:interact_with_furnace":41,"tombstone:raider_killed":5,"minecraft:sleep_in_bed":3,"minecraft:time_since_rest":12120,"minecraft:damage_taken":4491,"tombstone:sneak_grave":1,"minecraft:damage_dealt":8375,"minecraft:swim_one_cm":38662,"minecraft:fly_one_cm":760805,"minecraft:open_chest":12,"minecraft:crouch_one_cm":81494,"tombstone:undead_killed":15,"minecraft:fall_one_cm":162141,"minecraft:horse_one_cm":8658},"minecraft:dropped":{"minecraft:iron_sword":1,"minecraft:wheat_seeds":6,"biomesoplenty:pink_daffodil":2,"minecraft:mossy_cobblestone":18,"evilcraft:blood_extractor":1,"biomesoplenty:goldenrod":2,"minecraft:packed_ice":15,"minecraft:diorite":10,"minecraft:iron_trapdoor":1,"minecraft:ink_sac":1,"minecraft:dark_oak_fence":1,"minecraft:string":3,"minecraft:lily_pad":1,"minecraft:white_wool":1,"minecraft:red_glazed_terracotta":2,"minecraft:kelp":1,"minecraft:sugar_cane":4,"minecraft:lever":1,"minecraft:cobbled_deepslate":25,"minecraft:tuff":1,"minecraft:beetroot":2,"minecraft:rotten_flesh":16,"minecraft:oak_planks":16,"minecraft:spruce_fence":1,"minecraft:chiseled_stone_bricks":2,"minecraft:bundle":1,"minecraft:andesite":6,"minecraft:bamboo":1,"minecraft:stone_bricks":1,"minecraft:stone_pressure_plate":2,"minecraft:spider_eye":2,"minecraft:arrow":5,"minecraft:stone_pickaxe":1,"biomesoplenty:tall_lavender":4,"minecraft:egg":1}},"DataVersion":3465}