{"stats":{"minecraft:killed_by":{"minecraft:spider":1,"alexsmobs:centipede_head":1,"minecraft:skeleton":2,"minecraft:witch":2},"minecraft:picked_up":{"minecraft:crafting_table":9,"evilcraft:dark_power_gem":1,"minecraft:iron_trapdoor":1,"minecraft:lead":1,"minecraft:string":8,"evilcraft:ender_tear":1,"minecraft:flint_and_steel":1,"biomesoplenty:tall_lavender":6,"minecraft:beetroot":1,"minecraft:cobbled_deepslate":50,"minecraft:bucket":1,"minecraft:beef":109,"evilcraft:hardened_blood_shard":68,"minecraft:light_gray_wool":1,"biomesoplenty:redwood_wood":5,"minecraft:melon_slice":67,"minecraft:sugar_cane":4,"evilcraft:blood_extractor":2,"minecraft:egg":1,"minecraft:furnace":5,"minecraft:stick":4,"minecraft:raw_iron":15,"biomesoplenty:redwood_boat":1,"minecraft:torch":4,"minecraft:spruce_fence":1,"minecraft:porkchop":10,"tombstone:grave_dust":1,"minecraft:diorite":10,"minecraft:redstone":30,"minecraft:stone_pressure_plate":2,"biomesoplenty:redwood_planks":9,"minecraft:arrow":15,"minecraft:rotten_flesh":38,"evilcraft:condensed_blood":7,"sophisticatedbackpacks:copper_backpack":1,"minecraft:gold_ingot":9,"minecraft:mutton":15,"minecraft:cobblestone":107,"minecraft:white_wool":11,"biomesoplenty:lavender":5,"minecraft:pink_petals":4,"minecraft:cooked_beef":14,"minecraft:andesite":6,"biomesoplenty:goldenrod":2,"minecraft:leather":18,"minecraft:red_glazed_terracotta":2,"minecraft:potato":45,"alexsmobs:bison_fur":6,"minecraft:filled_map":1,"minecraft:oak_log":5,"minecraft:lily_pad":1,"minecraft:lapis_lazuli":20,"minecraft:dirt":741,"minecraft:bone":11,"minecraft:stone_bricks":1,"minecraft:kelp":1,"minecraft:wheat_seeds":10,"minecraft:raw_gold":8,"minecraft:iron_ingot":20,"minecraft:stone_pickaxe":1,"tombstone:bag_of_seeds":1,"minecraft:glowstone_dust":2,"minecraft:oak_planks":28,"minecraft:iron_sword":1,"minecraft:book":57,"minecraft:chiseled_stone_bricks":2,"minecraft:dandelion":1,"minecraft:sand":52,"sophisticatedbackpacks:iron_backpack":1,"minecraft:ink_sac":7,"minecraft:white_bed":4,"minecraft:grass_block":1,"minecraft:spider_eye":5,"minecraft:mossy_cobblestone":18,"minecraft:bundle":1,"minecraft:diamond":5,"minecraft:lever":1,"evilcraft:dark_gem":74,"minecraft:sunflower":1,"minecraft:bone_meal":32,"biomesoplenty:dead_fence":3,"minecraft:emerald":1,"minecraft:bread":16,"minecraft:ender_pearl":3,"biomesoplenty:pink_daffodil":2,"minecraft:coal":92,"minecraft:dark_oak_fence":1},"minecraft:killed":{"minecraft:cave_spider":2,"minecraft:witch":5,"minecraft:spider":5,"alexsmobs:gorilla":1,"minecraft:skeleton":7,"alexsmobs:bison":10,"minecraft:illusioner":1,"minecraft:drowned":1,"minecraft:pig":5,"alexsmobs:grizzly_bear":1,"minecraft:zombie_villager":1,"alexsmobs:skunk":1,"minecraft:squid":7,"minecraft:sheep":9,"minecraft:zombie":32,"minecraft:enderman":4,"minecraft:cow":24},"minecraft:broken":{"minecraft:iron_sword":2},"minecraft:mined":{"minecraft:dark_prismarine":7,"minecraft:stone_pressure_plate":2,"minecraft:white_bed":4,"minecraft:mossy_cobblestone":1,"minecraft:deepslate_diamond_ore":4,"minecraft:dark_oak_fence":1,"biomesoplenty:bush":1,"minecraft:grass_block":23,"minecraft:spruce_fence":1,"minecraft:spawner":2,"biomesoplenty:tall_lavender":6,"minecraft:furnace":4,"minecraft:cobbled_deepslate":2,"minecraft:iron_ore":14,"biomesoplenty:lavender":3,"evilcraft:dark_ore":2,"minecraft:deepslate_lapis_ore":1,"minecraft:potatoes":14,"minecraft:bookshelf":22,"minecraft:vine":1,"biomesoplenty:high_grass":102,"minecraft:deepslate_iron_ore":1,"minecraft:stone":6,"biomesoplenty:jacaranda_leaves":1,"minecraft:dandelion":1,"minecraft:crafting_table":7,"minecraft:torch":3,"minecraft:melon":12,"biomesoplenty:high_grass_plant":125,"minecraft:cobblestone":10,"minecraft:tall_grass":20,"minecraft:red_glazed_terracotta":1,"minecraft:lapis_ore":2,"minecraft:sugar_cane":1,"minecraft:sculk":1,"minecraft:diorite":1,"minecraft:pink_petals":1,"biomesoplenty:goldenrod":3,"evilcraft:dark_ore_deepslate":1,"biomesoplenty:pink_daffodil":2,"minecraft:lilac":1,"minecraft:birch_leaves":3,"minecraft:grass":97,"minecraft:oak_log":5,"minecraft:coal_ore":26,"minecraft:sunflower":4,"minecraft:sand":36,"minecraft:dirt":9,"minecraft:cobweb":1,"evilcraft:hardened_blood":14,"minecraft:dispenser":1,"biomesoplenty:redwood_wood":5,"minecraft:oak_leaves":6,"minecraft:iron_trapdoor":1,"minecraft:deepslate":5,"minecraft:fern":9},"minecraft:used":{"minecraft:chest":2,"minecraft:shield":7,"minecraft:iron_sword":548,"minecraft:rotten_flesh":4,"minecraft:torch":8,"minecraft:dirt":11,"biomesoplenty:redwood_boat":2,"minecraft:furnace":5,"tombstone:gift":4,"minecraft:potato":45,"minecraft:cooked_beef":34,"minecraft:cobbled_deepslate":19,"minecraft:water_bucket":17,"minecraft:stone_pickaxe":93,"evilcraft:blood_infuser":1,"minecraft:white_wool":1,"minecraft:sand":3,"minecraft:crafting_table":12,"minecraft:white_bed":5,"justhammers:iron_hammer":46,"minecraft:melon_slice":47,"minecraft:bread":48,"minecraft:iron_pickaxe":8,"minecraft:stone_axe":74,"minecraft:diamond_sword":41,"minecraft:cobblestone":136,"minecraft:bucket":18,"alexsmobs:animal_dictionary":1,"minecraft:bone_meal":32,"minecraft:soul_torch":1},"minecraft:crafted":{"evilcraft:dark_spike":16,"minecraft:oak_planks":20,"minecraft:glass":14,"minecraft:iron_boots":1,"evilcraft:blood_extractor":5,"minecraft:stone_pickaxe":2,"minecraft:chest":3,"sophisticatedbackpacks:iron_backpack":1,"minecraft:cooked_beef":71,"minecraft:diamond_sword":1,"sophisticatedbackpacks:backpack":1,"minecraft:crafting_table":5,"evilcraft:blood_infusion_core":1,"biomesoplenty:redwood_planks":20,"minecraft:iron_helmet":1,"minecraft:iron_sword":2,"sophisticatedbackpacks:gold_backpack":1,"minecraft:stone_axe":1,"minecraft:air":0,"biomesoplenty:redwood_boat":1,"justhammers:iron_hammer":1,"minecraft:iron_chestplate":1,"minecraft:shield":1,"minecraft:stick":16,"evilcraft:blood_infuser":1,"minecraft:iron_ingot":15,"minecraft:iron_leggings":1,"minecraft:white_bed":1,"minecraft:torch":4,"minecraft:shears":1},"minecraft:custom":{"minecraft:mob_kills":121,"minecraft:interact_with_crafting_table":40,"minecraft:open_barrel":2,"minecraft:leave_game":3,"minecraft:time_since_death":210638,"minecraft:climb_one_cm":11375,"minecraft:sprint_one_cm":635144,"minecraft:walk_one_cm":374212,"minecraft:damage_blocked_by_shield":185,"minecraft:drop":84,"minecraft:damage_dealt_absorbed":80,"minecraft:play_time":234107,"minecraft:deaths":6,"minecraft:sneak_time":22207,"minecraft:walk_under_water_one_cm":24169,"minecraft:boat_one_cm":190834,"minecraft:jump":5579,"minecraft:walk_on_water_one_cm":32299,"minecraft:total_world_time":234107,"minecraft:interact_with_furnace":47,"tombstone:raider_killed":6,"minecraft:sleep_in_bed":5,"minecraft:time_since_rest":16565,"minecraft:damage_taken":7192,"tombstone:sneak_grave":1,"minecraft:damage_dealt":24071,"minecraft:swim_one_cm":64929,"minecraft:fly_one_cm":1328198,"minecraft:open_chest":45,"minecraft:crouch_one_cm":97704,"tombstone:undead_killed":41,"minecraft:fall_one_cm":257937,"minecraft:horse_one_cm":8658},"minecraft:dropped":{"minecraft:iron_sword":1,"minecraft:wheat_seeds":10,"biomesoplenty:pink_daffodil":2,"minecraft:mossy_cobblestone":18,"minecraft:crafting_table":1,"biomesoplenty:lavender":5,"minecraft:cobblestone":1,"minecraft:lead":1,"evilcraft:dark_gem":1,"alexsmobs:bison_fur":6,"minecraft:stick":5,"tombstone:bag_of_seeds":1,"minecraft:dirt":15,"evilcraft:blood_extractor":5,"biomesoplenty:goldenrod":2,"minecraft:packed_ice":15,"minecraft:diorite":10,"minecraft:iron_trapdoor":1,"minecraft:ink_sac":7,"minecraft:dark_oak_fence":1,"minecraft:sunflower":1,"evilcraft:dark_spike":1,"biomesoplenty:dead_fence":3,"minecraft:string":3,"minecraft:pink_petals":4,"minecraft:lily_pad":1,"minecraft:white_wool":1,"minecraft:dandelion":1,"minecraft:bone":2,"minecraft:red_glazed_terracotta":2,"minecraft:kelp":1,"minecraft:sugar_cane":4,"minecraft:lever":1,"minecraft:cobbled_deepslate":25,"minecraft:tuff":1,"minecraft:obsidian":8,"minecraft:beetroot":2,"minecraft:rotten_flesh":25,"minecraft:light_gray_wool":1,"biomesoplenty:redwood_planks":9,"minecraft:oak_planks":16,"minecraft:spruce_fence":1,"minecraft:filled_map":2,"minecraft:chiseled_stone_bricks":2,"minecraft:bundle":1,"minecraft:andesite":6,"minecraft:bamboo":1,"minecraft:stone_bricks":1,"minecraft:stone_pressure_plate":2,"minecraft:spider_eye":5,"minecraft:arrow":5,"minecraft:stone_pickaxe":1,"biomesoplenty:tall_lavender":6,"minecraft:egg":1}},"DataVersion":3465}