{"stats":{"minecraft:killed_by":{"minecraft:spider":1,"alexsmobs:centipede_head":1,"minecraft:skeleton":3,"minecraft:witch":2},"minecraft:picked_up":{"minecraft:crafting_table":9,"evilcraft:dark_power_gem":1,"minecraft:iron_trapdoor":1,"minecraft:lead":1,"alexsmobs:gazelle_horn":1,"minecraft:string":8,"evilcraft:ender_tear":1,"minecraft:flint_and_steel":1,"biomesoplenty:tall_lavender":6,"minecraft:beetroot":1,"minecraft:cobbled_deepslate":50,"minecraft:bucket":1,"minecraft:beef":109,"minecraft:light_gray_wool":1,"evilcraft:hardened_blood_shard":68,"biomesoplenty:redwood_wood":5,"minecraft:melon_slice":67,"minecraft:sugar_cane":4,"evilcraft:blood_extractor":2,"minecraft:furnace":5,"minecraft:egg":1,"minecraft:stick":4,"minecraft:raw_iron":15,"biomesoplenty:redwood_boat":1,"minecraft:torch":4,"minecraft:spruce_fence":1,"minecraft:porkchop":10,"tombstone:grave_dust":1,"minecraft:diorite":10,"minecraft:redstone":30,"minecraft:stone_pressure_plate":2,"biomesoplenty:redwood_planks":9,"minecraft:arrow":15,"minecraft:rotten_flesh":38,"minecraft:gold_ingot":9,"sophisticatedbackpacks:copper_backpack":1,"evilcraft:condensed_blood":7,"minecraft:mutton":16,"minecraft:white_wool":11,"minecraft:cobblestone":112,"biomesoplenty:lavender":5,"minecraft:pink_petals":4,"minecraft:cooked_beef":14,"minecraft:andesite":6,"biomesoplenty:goldenrod":2,"minecraft:leather":18,"minecraft:red_glazed_terracotta":2,"minecraft:potato":45,"minecraft:filled_map":1,"alexsmobs:bison_fur":6,"minecraft:oak_log":5,"minecraft:lily_pad":1,"minecraft:gunpowder":2,"minecraft:lapis_lazuli":20,"minecraft:dirt":741,"biomesoplenty:bush":1,"minecraft:bone":11,"minecraft:stone_bricks":1,"minecraft:kelp":1,"minecraft:wheat_seeds":10,"minecraft:raw_gold":8,"minecraft:iron_ingot":20,"minecraft:stone_pickaxe":1,"tombstone:bag_of_seeds":1,"minecraft:glowstone_dust":2,"minecraft:iron_sword":1,"minecraft:oak_planks":28,"minecraft:book":57,"minecraft:chiseled_stone_bricks":2,"minecraft:dandelion":1,"minecraft:sand":52,"sophisticatedbackpacks:iron_backpack":1,"minecraft:ink_sac":7,"minecraft:white_bed":4,"minecraft:grass_block":1,"minecraft:spider_eye":5,"minecraft:mossy_cobblestone":18,"minecraft:bundle":1,"minecraft:diamond":5,"minecraft:lever":1,"evilcraft:dark_gem":82,"minecraft:bone_meal":32,"biomesoplenty:dead_fence":3,"minecraft:bread":16,"minecraft:emerald":1,"biomesoplenty:pink_daffodil":2,"minecraft:dark_oak_fence":1,"minecraft:coal":92,"minecraft:sunflower":1,"minecraft:ender_pearl":3},"minecraft:killed":{"minecraft:cave_spider":2,"minecraft:witch":5,"minecraft:spider":5,"alexsmobs:gorilla":1,"minecraft:skeleton":7,"alexsmobs:bison":10,"minecraft:illusioner":1,"minecraft:drowned":1,"minecraft:pig":5,"alexsmobs:grizzly_bear":1,"minecraft:zombie_villager":1,"alexsmobs:skunk":1,"minecraft:creeper":1,"minecraft:squid":7,"minecraft:sheep":9,"minecraft:zombie":34,"minecraft:enderman":4,"minecraft:cow":24},"minecraft:broken":{"minecraft:iron_sword":2},"minecraft:mined":{"minecraft:dark_prismarine":7,"minecraft:stone_pressure_plate":2,"minecraft:white_bed":4,"minecraft:mossy_cobblestone":1,"minecraft:deepslate_diamond_ore":4,"biomesoplenty:bush":2,"minecraft:dark_oak_fence":1,"minecraft:spruce_fence":1,"minecraft:grass_block":23,"minecraft:spawner":2,"biomesoplenty:tall_lavender":6,"minecraft:furnace":4,"minecraft:iron_ore":14,"minecraft:cobbled_deepslate":2,"biomesoplenty:lavender":3,"evilcraft:dark_ore":5,"minecraft:deepslate_lapis_ore":1,"biomesoplenty:high_grass":102,"minecraft:potatoes":14,"minecraft:vine":1,"minecraft:bookshelf":22,"minecraft:deepslate_iron_ore":1,"minecraft:stone":12,"biomesoplenty:jacaranda_leaves":1,"minecraft:dandelion":1,"minecraft:crafting_table":7,"minecraft:torch":3,"minecraft:melon":12,"biomesoplenty:high_grass_plant":125,"minecraft:tall_grass":20,"minecraft:cobblestone":10,"minecraft:lapis_ore":3,"minecraft:red_glazed_terracotta":1,"minecraft:sugar_cane":1,"minecraft:sculk":1,"minecraft:diorite":1,"minecraft:pink_petals":1,"biomesoplenty:goldenrod":3,"evilcraft:dark_ore_deepslate":1,"biomesoplenty:pink_daffodil":2,"minecraft:lilac":1,"minecraft:birch_leaves":3,"minecraft:grass":97,"minecraft:coal_ore":26,"minecraft:oak_log":5,"minecraft:sunflower":4,"minecraft:sand":36,"minecraft:dirt":9,"minecraft:cobweb":1,"minecraft:dispenser":1,"evilcraft:hardened_blood":14,"minecraft:deepslate":5,"biomesoplenty:redwood_wood":5,"minecraft:oak_leaves":6,"minecraft:iron_trapdoor":1,"minecraft:fern":9},"minecraft:used":{"minecraft:chest":2,"minecraft:shield":7,"minecraft:iron_sword":548,"minecraft:rotten_flesh":4,"minecraft:torch":8,"minecraft:dirt":11,"biomesoplenty:redwood_boat":2,"minecraft:furnace":5,"tombstone:gift":4,"minecraft:cooked_beef":42,"minecraft:potato":45,"minecraft:cobbled_deepslate":19,"minecraft:water_bucket":22,"minecraft:stone_pickaxe":93,"evilcraft:blood_infuser":1,"minecraft:white_wool":1,"minecraft:sand":3,"minecraft:crafting_table":13,"minecraft:white_bed":5,"justhammers:iron_hammer":46,"minecraft:bread":48,"minecraft:melon_slice":47,"minecraft:iron_pickaxe":18,"minecraft:stone_axe":74,"minecraft:diamond_sword":54,"minecraft:cobblestone":148,"alexsmobs:animal_dictionary":1,"minecraft:bucket":23,"minecraft:bone_meal":32,"minecraft:soul_torch":1},"minecraft:crafted":{"evilcraft:dark_spike":16,"minecraft:oak_planks":20,"minecraft:glass":14,"minecraft:iron_boots":1,"evilcraft:blood_extractor":5,"minecraft:stone_pickaxe":2,"minecraft:chest":3,"sophisticatedbackpacks:iron_backpack":1,"minecraft:cooked_beef":71,"minecraft:diamond_sword":1,"sophisticatedbackpacks:backpack":1,"minecraft:crafting_table":6,"evilcraft:blood_infusion_core":1,"biomesoplenty:redwood_planks":20,"minecraft:iron_helmet":1,"minecraft:iron_sword":2,"sophisticatedbackpacks:gold_backpack":1,"minecraft:stone_axe":1,"minecraft:air":0,"justhammers:iron_hammer":1,"biomesoplenty:redwood_boat":1,"minecraft:iron_chestplate":1,"minecraft:shield":1,"minecraft:stick":20,"evilcraft:blood_infuser":1,"minecraft:iron_ingot":15,"minecraft:iron_leggings":1,"minecraft:white_bed":1,"minecraft:torch":4,"minecraft:shears":1},"minecraft:custom":{"minecraft:mob_kills":124,"minecraft:interact_with_crafting_table":41,"minecraft:open_barrel":2,"minecraft:leave_game":4,"minecraft:time_since_death":21321,"minecraft:climb_one_cm":11493,"minecraft:damage_blocked_by_shield":185,"minecraft:sprint_one_cm":727980,"minecraft:walk_one_cm":394182,"minecraft:drop":86,"minecraft:damage_dealt_absorbed":80,"minecraft:play_time":257911,"minecraft:sneak_time":22733,"minecraft:deaths":7,"minecraft:walk_under_water_one_cm":30654,"minecraft:boat_one_cm":190834,"minecraft:jump":6623,"minecraft:walk_on_water_one_cm":40249,"minecraft:total_world_time":257911,"minecraft:interact_with_furnace":47,"tombstone:raider_killed":6,"minecraft:sleep_in_bed":5,"minecraft:time_since_rest":20727,"minecraft:damage_taken":7667,"tombstone:sneak_grave":1,"minecraft:damage_dealt":24841,"minecraft:swim_one_cm":93109,"minecraft:fly_one_cm":1591012,"minecraft:crouch_one_cm":99875,"minecraft:open_chest":47,"tombstone:undead_killed":43,"minecraft:fall_one_cm":298823,"minecraft:horse_one_cm":8658},"minecraft:dropped":{"minecraft:iron_sword":1,"minecraft:wheat_seeds":10,"biomesoplenty:pink_daffodil":2,"minecraft:mossy_cobblestone":18,"minecraft:crafting_table":1,"biomesoplenty:lavender":5,"minecraft:cobblestone":1,"minecraft:lead":1,"evilcraft:dark_gem":1,"alexsmobs:bison_fur":6,"minecraft:coal":32,"minecraft:stick":5,"minecraft:dirt":15,"tombstone:bag_of_seeds":1,"evilcraft:blood_extractor":5,"minecraft:packed_ice":15,"biomesoplenty:goldenrod":2,"minecraft:diorite":10,"minecraft:iron_trapdoor":1,"minecraft:ink_sac":7,"minecraft:dark_oak_fence":1,"evilcraft:dark_spike":1,"minecraft:sunflower":1,"biomesoplenty:dead_fence":3,"minecraft:string":3,"minecraft:pink_petals":4,"minecraft:lily_pad":1,"minecraft:white_wool":1,"minecraft:dandelion":1,"minecraft:bone":2,"minecraft:red_glazed_terracotta":2,"minecraft:kelp":1,"minecraft:sugar_cane":4,"minecraft:lever":1,"minecraft:cobbled_deepslate":25,"minecraft:tuff":1,"minecraft:obsidian":8,"minecraft:beetroot":2,"minecraft:rotten_flesh":25,"biomesoplenty:redwood_planks":9,"minecraft:light_gray_wool":1,"minecraft:oak_planks":16,"minecraft:spruce_fence":1,"minecraft:chiseled_stone_bricks":2,"minecraft:filled_map":2,"minecraft:bundle":1,"minecraft:andesite":6,"minecraft:stone_pressure_plate":2,"minecraft:spider_eye":5,"minecraft:stone_bricks":1,"minecraft:bamboo":1,"biomesoplenty:bush":1,"minecraft:arrow":5,"minecraft:stone_pickaxe":1,"biomesoplenty:tall_lavender":6,"minecraft:egg":1}},"DataVersion":3465}