{"stats":{"minecraft:killed_by":{"minecraft:wither_skeleton":1,"minecraft:zombie":1,"alexsmobs:bison":1,"minecraft:hoglin":2,"minecraft:skeleton":3},"minecraft:picked_up":{"minecraft:stone_slab":3,"minecraft:lead":3,"minecraft:string":9,"minecraft:iron_leggings":2,"biomesoplenty:tall_lavender":9,"biomesoplenty:dead_sapling":10,"minecraft:deepslate_tiles":4,"minecraft:cobbled_deepslate":8,"biomesoplenty:fir_planks":1,"minecraft:rose_bush":3,"minecraft:cobblestone_slab":3,"evilcraft:blood_extractor":2,"minecraft:furnace":10,"minecraft:iron_boots":1,"minecraft:tipped_arrow":1,"minecraft:stick":42,"minecraft:music_disc_blocks":1,"minecraft:torch":32,"minecraft:brick_wall":2,"minecraft:porkchop":6,"minecraft:cherry_log":61,"tombstone:grave_dust":14,"minecraft:diorite":3,"minecraft:rotten_flesh":33,"minecraft:cyan_terracotta":17,"minecraft:obsidian":9,"minecraft:cobblestone":405,"biomesoplenty:lavender":13,"minecraft:birch_log":20,"minecraft:pink_petals":438,"minecraft:cooked_beef":37,"minecraft:feather":7,"minecraft:lilac":2,"minecraft:cherry_planks":2,"minecraft:andesite":3,"minecraft:smoker":1,"minecraft:potato":99,"biomesoplenty:dead_log":124,"biomesoplenty:fir_log":15,"alexsmobs:bison_fur":1,"minecraft:tuff":3,"minecraft:cherry_fence":4,"minecraft:wither_skeleton_skull":1,"minecraft:lapis_lazuli":29,"minecraft:dirt":2122,"minecraft:lantern":1,"minecraft:polished_granite":1,"minecraft:bone":106,"minecraft:bow":3,"minecraft:wheat_seeds":115,"minecraft:raw_gold":13,"minecraft:oak_planks":65,"minecraft:cooked_porkchop":15,"minecraft:stripped_acacia_wood":1,"minecraft:poisonous_potato":1,"minecraft:sand":2,"minecraft:dark_prismarine":3,"minecraft:bundle":1,"minecraft:polished_andesite":17,"minecraft:sugar":3,"minecraft:diamond":2,"minecraft:granite":9,"minecraft:golden_apple":1,"biomesoplenty:dead_fence":41,"minecraft:bread":15,"minecraft:oak_sapling":3,"minecraft:bricks":2,"minecraft:crafting_table":13,"minecraft:azure_bluet":3,"minecraft:chicken":6,"evilcraft:dark_power_gem":1,"biomesoplenty:jacaranda_sapling":3,"minecraft:chain":1,"minecraft:cornflower":2,"minecraft:stone_stairs":1,"minecraft:cracked_stone_bricks":1,"minecraft:netherite_sword":1,"minecraft:beef":18,"minecraft:player_head":5,"minecraft:poppy":1,"minecraft:spruce_slab":2,"evilcraft:hardened_blood_shard":75,"minecraft:sugar_cane":6,"minecraft:chest":2,"minecraft:birch_sapling":2,"minecraft:phantom_membrane":5,"minecraft:egg":5,"minecraft:raw_iron":56,"evilcraft:dark_spike":1,"minecraft:redstone":5,"minecraft:dark_oak_planks":4,"minecraft:arrow":59,"tombstone:essence_of_undeath":1,"minecraft:gold_ingot":18,"minecraft:mutton":12,"minecraft:white_wool":7,"evilcraft:environmental_accumulation_core":1,"minecraft:leather":12,"minecraft:acacia_wood":1,"biomesoplenty:dead_stairs":1,"minecraft:filled_map":1,"minecraft:birch_planks":1,"minecraft:oak_log":30,"minecraft:gunpowder":4,"minecraft:cooked_mutton":4,"minecraft:stone_bricks":2,"minecraft:spruce_wood":1,"minecraft:iron_ingot":3,"biomesoplenty:magic_log":1,"minecraft:glass_bottle":1,"minecraft:book":129,"minecraft:chiseled_stone_bricks":3,"minecraft:red_wool":8,"minecraft:dandelion":10,"minecraft:birch_stairs":5,"biomesoplenty:dead_planks":29,"minecraft:white_bed":8,"minecraft:spider_eye":4,"evilcraft:dark_gem":54,"minecraft:birch_sign":1,"minecraft:cherry_sapling":32,"minecraft:terracotta":15,"tombstone:magic_scroll":2,"minecraft:black_wool":2,"minecraft:coal":73},"minecraft:killed":{"minecraft:witch":3,"minecraft:spider":5,"minecraft:skeleton":51,"minecraft:chicken":6,"minecraft:illusioner":2,"minecraft:pig":3,"minecraft:zombie_villager":1,"minecraft:creeper":4,"minecraft:sheep":8,"minecraft:trader_llama":2,"minecraft:zombie":40,"alexsmobs:fly":3,"minecraft:cow":6,"alexsmobs:tiger":1,"minecraft:phantom":6,"minecraft:horse":2,"alexsmobs:blue_jay":1,"alexsmobs:bison":8,"minecraft:hoglin":4,"alexsmobs:gazelle":1,"minecraft:wither_skeleton":23},"minecraft:broken":{"minecraft:iron_shovel":4,"minecraft:iron_sword":1,"minecraft:iron_hoe":2,"minecraft:stone_sword":1,"minecraft:golden_axe":1,"minecraft:iron_axe":1,"minecraft:iron_helmet":3},"minecraft:mined":{"minecraft:dark_oak_planks":2,"minecraft:white_bed":8,"minecraft:cherry_log":61,"minecraft:granite":10,"biomesoplenty:dead_leaves":181,"minecraft:grass_block":1199,"minecraft:chiseled_stone_bricks":3,"minecraft:spawner":22,"biomesoplenty:tall_lavender":7,"minecraft:iron_ore":33,"biomesoplenty:lavender":10,"minecraft:azure_bluet":1,"minecraft:player_head":4,"minecraft:cyan_terracotta":21,"minecraft:smoker":1,"minecraft:powder_snow":12,"minecraft:torch":10,"minecraft:poppy":1,"minecraft:chest":2,"minecraft:cobblestone":72,"minecraft:sugar_cane":4,"minecraft:oak_planks":47,"minecraft:bricks":2,"minecraft:wall_torch":11,"minecraft:pink_petals":56,"minecraft:stone_stairs":1,"minecraft:chain":1,"minecraft:cherry_fence":1,"evilcraft:dark_ore_deepslate":2,"minecraft:birch_log":20,"minecraft:wheat":1,"minecraft:lilac":2,"biomesoplenty:fir_log":15,"minecraft:grass":333,"biomesoplenty:clover":1,"biomesoplenty:dead_log":125,"minecraft:oak_log":30,"minecraft:dirt":43,"minecraft:oak_leaves":80,"minecraft:deepslate":6,"evilcraft:hardened_blood":16,"minecraft:deepslate_tiles":4,"minecraft:dark_prismarine":2,"minecraft:tuff":3,"minecraft:deepslate_diamond_ore":2,"biomesoplenty:dead_fence":34,"evilcraft:environmental_accumulator":1,"minecraft:furnace":10,"minecraft:acacia_wood":1,"minecraft:andesite":1,"evilcraft:dark_ore":8,"biomesoplenty:magic_log":1,"minecraft:bookshelf":40,"minecraft:potatoes":27,"biomesoplenty:high_grass":6,"minecraft:deepslate_iron_ore":23,"minecraft:cobblestone_slab":1,"minecraft:vine":1,"biomesoplenty:dead_sapling":1,"minecraft:stone":106,"minecraft:cherry_planks":2,"minecraft:brick_wall":2,"minecraft:dandelion":4,"minecraft:polished_granite":1,"minecraft:crafting_table":13,"biomesoplenty:fir_planks":1,"minecraft:rose_bush":4,"biomesoplenty:dead_stairs":1,"minecraft:stone_slab":1,"biomesoplenty:high_grass_plant":10,"minecraft:tall_grass":34,"minecraft:lapis_ore":5,"minecraft:deepslate_gold_ore":10,"minecraft:diorite":3,"biomesoplenty:dead_branch":1,"minecraft:birch_leaves":42,"minecraft:coal_ore":29,"biomesoplenty:fir_leaves":2,"minecraft:cherry_leaves":122,"minecraft:cracked_stone_bricks":1,"biomesoplenty:dead_planks":28,"minecraft:terracotta":15,"minecraft:polished_andesite":19,"minecraft:stripped_acacia_wood":1,"minecraft:stone_bricks":2,"minecraft:gold_ore":3,"minecraft:fern":1},"minecraft:used":{"minecraft:cherry_sapling":15,"minecraft:iron_shovel":1299,"biomesoplenty:dead_fence":174,"minecraft:chest":14,"minecraft:iron_sword":346,"minecraft:tuff":3,"minecraft:cyan_terracotta":3,"minecraft:lantern":7,"minecraft:furnace":12,"minecraft:egg":1,"minecraft:potato":76,"minecraft:oak_planks":47,"minecraft:stone_pickaxe":86,"minecraft:wooden_pickaxe":4,"biomesoplenty:lavender":1,"biomesoplenty:fir_planks":19,"minecraft:golden_apple":1,"minecraft:crossbow":20,"biomesoplenty:dead_planks":134,"minecraft:deepslate_tiles":4,"minecraft:bread":64,"minecraft:polished_granite":1,"minecraft:diamond_sword":380,"minecraft:andesite":1,"minecraft:chain":3,"minecraft:bone_meal":49,"minecraft:stone_sword":132,"minecraft:cooked_chicken":6,"minecraft:torch":104,"minecraft:dirt":1209,"minecraft:granite":9,"minecraft:iron_hoe":504,"minecraft:iron_axe":421,"biomesoplenty:dead_stairs":29,"tombstone:gift":10,"minecraft:cooked_beef":9,"minecraft:cobbled_deepslate":4,"minecraft:cherry_fence":1,"biomesoplenty:dead_log":1,"minecraft:golden_axe":32,"minecraft:cooked_mutton":13,"minecraft:water_bucket":26,"minecraft:polished_andesite":16,"minecraft:baked_potato":23,"evilcraft:blood_infuser":1,"minecraft:cartography_table":1,"minecraft:cherry_planks":2,"minecraft:terracotta":11,"minecraft:crafting_table":20,"minecraft:birch_sign":1,"minecraft:white_bed":11,"justhammers:iron_hammer":13,"minecraft:dark_prismarine":2,"minecraft:black_wool":1,"minecraft:iron_pickaxe":371,"tombstone:magic_scroll":1,"minecraft:cobblestone":201,"minecraft:cooked_porkchop":21,"minecraft:bucket":26,"biomesoplenty:dead_sapling":7},"minecraft:crafted":{"minecraft:oak_planks":100,"minecraft:cooked_chicken":6,"minecraft:chain":2,"minecraft:stone":15,"minecraft:cooked_mutton":11,"minecraft:iron_boots":1,"minecraft:chest":13,"minecraft:stone_bricks":12,"minecraft:cherry_fence":3,"minecraft:golden_axe":1,"sophisticatedbackpacks:backpack":1,"minecraft:cooked_porkchop":6,"minecraft:crafting_table":7,"minecraft:iron_helmet":4,"minecraft:wooden_pickaxe":1,"minecraft:baked_potato":23,"minecraft:birch_planks":32,"minecraft:cartography_table":1,"biomesoplenty:fir_planks":60,"minecraft:iron_chestplate":1,"minecraft:paper":6,"minecraft:stick":128,"minecraft:iron_ingot":56,"minecraft:iron_pickaxe":1,"minecraft:stone_sword":1,"minecraft:gold_ingot":13,"minecraft:shears":1,"minecraft:cherry_planks":176,"minecraft:iron_nugget":54,"minecraft:furnace":2,"biomesoplenty:dead_fence":147,"minecraft:bone_meal":81,"biomesoplenty:dead_stairs":28,"minecraft:lantern":6,"minecraft:iron_axe":2,"minecraft:iron_hoe":2,"minecraft:stone_pickaxe":1,"biomesoplenty:magic_planks":4,"sophisticatedbackpacks:iron_backpack":1,"minecraft:cooked_beef":15,"biomesoplenty:dead_planks":492,"evilcraft:blood_infusion_core":1,"minecraft:enchanting_table":1,"minecraft:iron_sword":2,"sophisticatedbackpacks:gold_backpack":1,"minecraft:bucket":2,"minecraft:air":0,"justhammers:iron_hammer":1,"evilcraft:blood_infuser":1,"minecraft:iron_shovel":5,"minecraft:iron_leggings":1,"minecraft:white_bed":2,"minecraft:torch":76},"minecraft:custom":{"minecraft:interact_with_crafting_table":93,"minecraft:open_barrel":25,"minecraft:leave_game":8,"minecraft:time_since_death":87421,"minecraft:sprint_one_cm":766202,"minecraft:drop":219,"minecraft:talked_to_villager":1,"minecraft:play_time":400211,"minecraft:deaths":11,"minecraft:jump":6438,"minecraft:walk_on_water_one_cm":26837,"minecraft:interact_with_furnace":109,"minecraft:interact_with_cartography_table":1,"minecraft:sleep_in_bed":13,"minecraft:damage_dealt":46501,"minecraft:crouch_one_cm":76149,"tombstone:undead_killed":121,"minecraft:interact_with_smoker":3,"minecraft:mob_kills":195,"minecraft:climb_one_cm":25444,"minecraft:walk_one_cm":1231228,"minecraft:damage_dealt_absorbed":80,"minecraft:sneak_time":21681,"minecraft:walk_under_water_one_cm":13470,"minecraft:boat_one_cm":30055,"minecraft:total_world_time":400211,"tombstone:raider_killed":11,"minecraft:time_since_rest":2280,"minecraft:damage_taken":10059,"minecraft:damage_absorbed":41,"tombstone:cast_on_ally":1,"minecraft:swim_one_cm":18827,"minecraft:fly_one_cm":1193627,"minecraft:open_chest":234,"minecraft:fall_one_cm":216014},"minecraft:dropped":{"minecraft:iron_sword":3,"minecraft:acacia_wood":1,"minecraft:birch_planks":1,"minecraft:cooked_beef":3,"minecraft:glass_bottle":1,"biomesoplenty:magic_planks":4,"minecraft:leather":1,"minecraft:red_wool":8,"alexsmobs:bison_fur":1,"minecraft:cyan_terracotta":14,"minecraft:dirt":22,"minecraft:cornflower":1,"biomesoplenty:dead_fence":14,"minecraft:bone_meal":32,"minecraft:phantom_membrane":2,"minecraft:sand":2,"minecraft:sugar":3,"minecraft:iron_pickaxe":2,"minecraft:dark_oak_planks":4,"minecraft:white_wool":1,"minecraft:birch_stairs":5,"minecraft:gold_ingot":27,"minecraft:bone":7,"minecraft:music_disc_blocks":1,"minecraft:iron_nugget":2,"minecraft:cobbled_deepslate":4,"minecraft:birch_sapling":2,"minecraft:obsidian":1,"minecraft:cherry_sapling":17,"minecraft:rotten_flesh":33,"minecraft:oak_planks":10,"minecraft:cooked_mutton":2,"minecraft:azure_bluet":2,"minecraft:poppy":1,"minecraft:tipped_arrow":1,"minecraft:gunpowder":4,"minecraft:spruce_wood":1,"minecraft:spruce_slab":2,"minecraft:arrow":6,"biomesoplenty:tall_lavender":9,"minecraft:cherry_fence":6,"minecraft:egg":4,"minecraft:bread":31,"minecraft:iron_ingot":21,"biomesoplenty:dead_planks":1,"biomesoplenty:jacaranda_sapling":3,"minecraft:wheat_seeds":115,"minecraft:poisonous_potato":1,"biomesoplenty:lavender":12,"minecraft:iron_helmet":1,"minecraft:feather":7,"minecraft:cobblestone":13,"minecraft:lead":1,"evilcraft:dark_gem":2,"minecraft:golden_apple":1,"minecraft:stick":19,"minecraft:polished_andesite":1,"minecraft:diorite":3,"minecraft:torch":5,"minecraft:rose_bush":1,"evilcraft:dark_spike":1,"minecraft:iron_leggings":1,"minecraft:iron_axe":1,"minecraft:paper":2,"minecraft:string":5,"minecraft:pink_petals":438,"minecraft:bucket":1,"minecraft:dandelion":6,"minecraft:redstone":5,"minecraft:bricks":2,"minecraft:brick_wall":2,"minecraft:iron_boots":2,"minecraft:stripped_acacia_wood":1,"minecraft:flint_and_steel":1,"minecraft:filled_map":2,"biomesoplenty:dead_sapling":3,"biomesoplenty:fir_planks":6,"minecraft:bundle":1,"minecraft:iron_chestplate":1,"minecraft:andesite":1,"minecraft:oak_sapling":3,"minecraft:spider_eye":4,"minecraft:bow":1,"minecraft:stone_pickaxe":1,"minecraft:wooden_pickaxe":1,"minecraft:dark_prismarine":1,"minecraft:black_wool":1,"minecraft:terracotta":4}},"DataVersion":3465}