{"stats":{"minecraft:killed_by":{"minecraft:wither_skeleton":1,"alexsmobs:bison":1,"minecraft:hoglin":2,"minecraft:skeleton":3},"minecraft:picked_up":{"minecraft:crafting_table":12,"minecraft:azure_bluet":2,"minecraft:chicken":6,"minecraft:stone_slab":3,"biomesoplenty:jacaranda_sapling":3,"minecraft:cornflower":2,"minecraft:string":6,"minecraft:stone_stairs":1,"minecraft:iron_leggings":2,"biomesoplenty:tall_lavender":7,"minecraft:cracked_stone_bricks":1,"minecraft:deepslate_tiles":4,"minecraft:cobbled_deepslate":8,"minecraft:netherite_sword":1,"biomesoplenty:fir_planks":1,"minecraft:beef":18,"minecraft:rose_bush":3,"minecraft:cobblestone_slab":3,"minecraft:player_head":5,"minecraft:chest":2,"minecraft:spruce_slab":2,"minecraft:sugar_cane":6,"minecraft:furnace":10,"minecraft:phantom_membrane":5,"minecraft:iron_boots":1,"minecraft:egg":5,"minecraft:tipped_arrow":1,"minecraft:stick":8,"minecraft:raw_iron":56,"minecraft:music_disc_blocks":1,"minecraft:torch":30,"minecraft:brick_wall":2,"minecraft:porkchop":6,"tombstone:grave_dust":12,"minecraft:diorite":3,"minecraft:redstone":5,"minecraft:dark_oak_planks":4,"minecraft:arrow":46,"minecraft:rotten_flesh":27,"minecraft:cyan_terracotta":17,"tombstone:essence_of_undeath":1,"minecraft:gold_ingot":18,"minecraft:mutton":12,"minecraft:white_wool":6,"minecraft:cobblestone":350,"biomesoplenty:lavender":13,"minecraft:birch_log":8,"evilcraft:environmental_accumulation_core":1,"minecraft:feather":7,"minecraft:lilac":2,"minecraft:andesite":3,"minecraft:leather":8,"minecraft:birch_planks":1,"minecraft:smoker":1,"minecraft:acacia_wood":1,"minecraft:potato":7,"minecraft:filled_map":1,"biomesoplenty:fir_log":15,"minecraft:tuff":3,"minecraft:oak_log":21,"minecraft:wither_skeleton_skull":1,"minecraft:lapis_lazuli":29,"minecraft:dirt":1809,"minecraft:polished_granite":1,"minecraft:cooked_mutton":1,"minecraft:bone":97,"minecraft:stone_bricks":2,"minecraft:bow":2,"minecraft:wheat_seeds":60,"minecraft:raw_gold":13,"minecraft:spruce_wood":1,"minecraft:iron_ingot":3,"biomesoplenty:magic_log":1,"minecraft:glass_bottle":1,"minecraft:oak_planks":18,"minecraft:book":129,"minecraft:cooked_porkchop":15,"minecraft:chiseled_stone_bricks":3,"minecraft:red_wool":8,"minecraft:stripped_acacia_wood":1,"minecraft:dandelion":4,"minecraft:birch_stairs":5,"minecraft:sand":2,"minecraft:white_bed":8,"minecraft:spider_eye":3,"minecraft:dark_prismarine":3,"minecraft:bundle":1,"minecraft:polished_andesite":17,"minecraft:sugar":3,"minecraft:diamond":2,"evilcraft:dark_gem":53,"minecraft:golden_apple":1,"minecraft:granite":9,"minecraft:birch_sign":1,"minecraft:bread":15,"minecraft:terracotta":15,"tombstone:magic_scroll":2,"minecraft:black_wool":1,"minecraft:bricks":2,"minecraft:coal":73},"minecraft:killed":{"minecraft:witch":3,"minecraft:spider":2,"minecraft:phantom":6,"minecraft:skeleton":39,"minecraft:chicken":6,"alexsmobs:bison":1,"minecraft:pig":3,"minecraft:zombie_villager":1,"minecraft:hoglin":4,"minecraft:sheep":7,"minecraft:zombie":23,"minecraft:wither_skeleton":23,"minecraft:cow":5},"minecraft:broken":{"minecraft:iron_shovel":3,"minecraft:stone_sword":1,"minecraft:golden_axe":1,"minecraft:iron_sword":1,"minecraft:iron_helmet":2},"minecraft:mined":{"minecraft:dark_oak_planks":2,"minecraft:dark_prismarine":2,"minecraft:deepslate_tiles":4,"minecraft:tuff":3,"minecraft:white_bed":8,"minecraft:deepslate_diamond_ore":2,"minecraft:granite":10,"minecraft:grass_block":954,"evilcraft:environmental_accumulator":1,"minecraft:chiseled_stone_bricks":3,"minecraft:spawner":22,"biomesoplenty:tall_lavender":7,"minecraft:furnace":10,"minecraft:iron_ore":33,"minecraft:acacia_wood":1,"biomesoplenty:lavender":10,"minecraft:andesite":1,"evilcraft:dark_ore":8,"biomesoplenty:magic_log":1,"minecraft:bookshelf":40,"minecraft:vine":1,"minecraft:deepslate_iron_ore":23,"minecraft:cobblestone_slab":1,"minecraft:stone":106,"minecraft:player_head":4,"minecraft:cyan_terracotta":21,"minecraft:smoker":1,"minecraft:brick_wall":2,"minecraft:powder_snow":12,"minecraft:polished_granite":1,"minecraft:crafting_table":12,"minecraft:torch":8,"biomesoplenty:fir_planks":1,"minecraft:chest":2,"minecraft:rose_bush":4,"minecraft:stone_slab":1,"minecraft:cobblestone":18,"minecraft:deepslate_gold_ore":10,"minecraft:lapis_ore":5,"minecraft:sugar_cane":4,"minecraft:bricks":2,"minecraft:diorite":3,"minecraft:wall_torch":11,"minecraft:stone_stairs":1,"evilcraft:dark_ore_deepslate":2,"minecraft:birch_log":8,"minecraft:wheat":1,"minecraft:lilac":2,"minecraft:birch_leaves":7,"biomesoplenty:fir_log":15,"biomesoplenty:clover":1,"minecraft:grass":128,"minecraft:oak_log":21,"minecraft:coal_ore":29,"biomesoplenty:fir_leaves":2,"minecraft:dirt":15,"minecraft:cracked_stone_bricks":1,"minecraft:terracotta":15,"minecraft:stripped_acacia_wood":1,"minecraft:polished_andesite":19,"minecraft:stone_bricks":2,"minecraft:gold_ore":3,"minecraft:deepslate":6,"minecraft:oak_leaves":11},"minecraft:used":{"minecraft:stone_sword":132,"minecraft:iron_shovel":1024,"minecraft:chest":7,"minecraft:iron_sword":346,"minecraft:cooked_chicken":6,"minecraft:torch":69,"minecraft:dirt":197,"minecraft:tuff":3,"minecraft:granite":9,"minecraft:cyan_terracotta":3,"minecraft:iron_axe":50,"minecraft:furnace":12,"tombstone:gift":9,"minecraft:egg":1,"minecraft:cooked_beef":7,"minecraft:cobbled_deepslate":4,"minecraft:golden_axe":32,"minecraft:cooked_mutton":12,"minecraft:water_bucket":10,"minecraft:stone_pickaxe":86,"minecraft:polished_andesite":16,"minecraft:cartography_table":1,"minecraft:wooden_pickaxe":4,"biomesoplenty:fir_planks":19,"biomesoplenty:lavender":1,"minecraft:golden_apple":1,"minecraft:terracotta":11,"minecraft:crafting_table":18,"minecraft:birch_sign":1,"minecraft:crossbow":18,"minecraft:white_bed":10,"justhammers:iron_hammer":13,"minecraft:deepslate_tiles":4,"minecraft:dark_prismarine":2,"minecraft:bread":57,"minecraft:iron_pickaxe":310,"tombstone:magic_scroll":1,"minecraft:polished_granite":1,"minecraft:diamond_sword":188,"minecraft:cobblestone":119,"minecraft:bucket":11,"minecraft:cooked_porkchop":13,"minecraft:andesite":1},"minecraft:crafted":{"minecraft:oak_planks":20,"minecraft:cooked_chicken":6,"minecraft:furnace":2,"minecraft:cooked_mutton":11,"minecraft:iron_boots":1,"minecraft:iron_axe":1,"minecraft:stone_pickaxe":1,"minecraft:chest":6,"biomesoplenty:magic_planks":4,"sophisticatedbackpacks:iron_backpack":1,"minecraft:cooked_beef":15,"minecraft:golden_axe":1,"sophisticatedbackpacks:backpack":1,"minecraft:cooked_porkchop":6,"minecraft:crafting_table":6,"minecraft:wooden_pickaxe":1,"minecraft:iron_helmet":3,"minecraft:iron_sword":2,"sophisticatedbackpacks:gold_backpack":1,"minecraft:bucket":1,"minecraft:birch_planks":32,"minecraft:air":0,"minecraft:cartography_table":1,"biomesoplenty:fir_planks":60,"justhammers:iron_hammer":1,"minecraft:iron_chestplate":1,"minecraft:paper":6,"minecraft:stick":32,"minecraft:iron_ingot":35,"minecraft:iron_pickaxe":1,"minecraft:stone_sword":1,"minecraft:iron_shovel":4,"minecraft:iron_leggings":1,"minecraft:white_bed":2,"minecraft:torch":44},"minecraft:custom":{"minecraft:mob_kills":130,"minecraft:interact_with_crafting_table":47,"minecraft:open_barrel":25,"minecraft:leave_game":1,"minecraft:time_since_death":34134,"minecraft:climb_one_cm":24416,"minecraft:sprint_one_cm":444816,"minecraft:walk_one_cm":618251,"minecraft:drop":120,"minecraft:play_time":218257,"minecraft:sneak_time":16516,"minecraft:deaths":9,"minecraft:walk_under_water_one_cm":13088,"minecraft:boat_one_cm":30055,"minecraft:jump":3509,"minecraft:walk_on_water_one_cm":21232,"minecraft:total_world_time":218257,"minecraft:interact_with_furnace":97,"tombstone:raider_killed":9,"minecraft:interact_with_cartography_table":1,"minecraft:sleep_in_bed":10,"minecraft:time_since_rest":616,"minecraft:damage_taken":7816,"minecraft:damage_absorbed":41,"minecraft:damage_dealt":34153,"tombstone:cast_on_ally":1,"minecraft:swim_one_cm":16883,"minecraft:fly_one_cm":582672,"minecraft:crouch_one_cm":59546,"minecraft:open_chest":61,"tombstone:undead_killed":92,"minecraft:fall_one_cm":116453,"minecraft:interact_with_smoker":3},"minecraft:dropped":{"minecraft:iron_ingot":21,"minecraft:bread":31,"minecraft:iron_sword":3,"minecraft:acacia_wood":1,"biomesoplenty:jacaranda_sapling":3,"minecraft:birch_planks":1,"minecraft:wheat_seeds":52,"minecraft:glass_bottle":1,"minecraft:iron_helmet":1,"biomesoplenty:magic_planks":4,"biomesoplenty:lavender":12,"minecraft:feather":7,"minecraft:cobblestone":13,"minecraft:red_wool":8,"minecraft:golden_apple":1,"minecraft:stick":5,"minecraft:polished_andesite":1,"minecraft:cyan_terracotta":14,"minecraft:dirt":3,"minecraft:diorite":3,"minecraft:torch":5,"minecraft:cornflower":1,"minecraft:rose_bush":1,"minecraft:iron_leggings":1,"minecraft:phantom_membrane":2,"minecraft:iron_axe":1,"minecraft:sand":2,"minecraft:sugar":3,"minecraft:iron_pickaxe":2,"minecraft:paper":2,"minecraft:dark_oak_planks":4,"minecraft:string":2,"minecraft:birch_stairs":5,"minecraft:redstone":5,"minecraft:bone":5,"minecraft:gold_ingot":27,"minecraft:music_disc_blocks":1,"minecraft:bricks":2,"minecraft:brick_wall":2,"minecraft:cobbled_deepslate":4,"minecraft:rotten_flesh":27,"minecraft:oak_planks":10,"minecraft:iron_boots":2,"minecraft:stripped_acacia_wood":1,"minecraft:azure_bluet":1,"minecraft:filled_map":2,"minecraft:tipped_arrow":1,"biomesoplenty:fir_planks":6,"minecraft:bundle":1,"minecraft:iron_chestplate":1,"minecraft:andesite":1,"minecraft:spruce_wood":1,"minecraft:spider_eye":3,"minecraft:spruce_slab":2,"minecraft:arrow":6,"minecraft:bow":1,"minecraft:stone_pickaxe":1,"minecraft:wooden_pickaxe":1,"minecraft:dark_prismarine":1,"biomesoplenty:tall_lavender":7,"minecraft:black_wool":1,"minecraft:egg":4,"minecraft:terracotta":4}},"DataVersion":3465}