{"stats":{"minecraft:dropped":{"biomesoplenty:magic_planks":4,"minecraft:feather":7,"minecraft:cobblestone":3,"minecraft:wooden_pickaxe":1,"minecraft:black_wool":1,"minecraft:stick":1,"minecraft:egg":4},"minecraft:mined":{"minecraft:white_bed":1,"minecraft:furnace":2,"biomesoplenty:magic_log":1,"minecraft:crafting_table":3,"minecraft:grass":3,"minecraft:coal_ore":18,"minecraft:oak_log":4,"minecraft:stone":23,"minecraft:oak_leaves":5},"minecraft:crafted":{"minecraft:cooked_beef":8,"minecraft:oak_planks":16,"minecraft:cooked_porkchop":6,"minecraft:crafting_table":1,"minecraft:stick":4,"minecraft:wooden_pickaxe":1,"minecraft:cooked_chicken":6,"minecraft:stone_pickaxe":1,"minecraft:stone_sword":1,"biomesoplenty:magic_planks":4,"minecraft:furnace":2,"minecraft:white_bed":2,"minecraft:cooked_mutton":1,"minecraft:air":0},"minecraft:custom":{"minecraft:time_since_rest":1222,"minecraft:interact_with_furnace":36,"minecraft:sprint_one_cm":48983,"minecraft:damage_taken":360,"minecraft:walk_one_cm":54618,"minecraft:mob_kills":23,"minecraft:drop":13,"minecraft:damage_dealt":2418,"minecraft:interact_with_crafting_table":6,"minecraft:fly_one_cm":64186,"minecraft:open_chest":1,"minecraft:deaths":1,"minecraft:crouch_one_cm":320,"minecraft:play_time":17840,"tombstone:undead_killed":2,"minecraft:sneak_time":97,"minecraft:jump":329,"minecraft:time_since_death":1472,"minecraft:sleep_in_bed":1,"minecraft:total_world_time":17840,"minecraft:fall_one_cm":12690},"minecraft:killed":{"minecraft:sheep":7,"minecraft:zombie":2,"minecraft:pig":3,"minecraft:chicken":6,"alexsmobs:bison":1,"minecraft:cow":4},"minecraft:picked_up":{"minecraft:stick":2,"minecraft:crafting_table":3,"minecraft:feather":7,"minecraft:chicken":6,"minecraft:leather":5,"minecraft:porkchop":6,"minecraft:oak_log":4,"minecraft:white_bed":1,"minecraft:cooked_mutton":1,"minecraft:beef":15,"biomesoplenty:magic_log":1,"minecraft:black_wool":1,"minecraft:furnace":2,"minecraft:mutton":12,"minecraft:coal":30,"minecraft:cobblestone":24,"minecraft:white_wool":6,"minecraft:egg":5},"minecraft:killed_by":{"alexsmobs:bison":1},"minecraft:used":{"minecraft:stone_sword":57,"minecraft:stone_pickaxe":42,"minecraft:wooden_pickaxe":4,"minecraft:cooked_chicken":4,"minecraft:crafting_table":3,"minecraft:furnace":2,"tombstone:gift":1,"minecraft:white_bed":2,"minecraft:egg":1}},"DataVersion":3465}