{"stats":{"minecraft:dropped":{"minecraft:iron_ingot":1,"biomesoplenty:magic_planks":4,"minecraft:feather":7,"minecraft:cobblestone":3,"minecraft:rotten_flesh":3,"minecraft:stick":1,"minecraft:spider_eye":1,"minecraft:stone_pickaxe":1,"minecraft:wooden_pickaxe":1,"minecraft:black_wool":1,"minecraft:egg":4},"minecraft:mined":{"minecraft:white_bed":2,"minecraft:crafting_table":4,"minecraft:torch":1,"minecraft:spawner":1,"minecraft:furnace":4,"minecraft:iron_ore":18,"evilcraft:dark_ore":5,"biomesoplenty:magic_log":1,"minecraft:grass":3,"minecraft:oak_log":5,"minecraft:coal_ore":24,"minecraft:stone":37,"minecraft:oak_leaves":7},"minecraft:crafted":{"minecraft:cooked_beef":8,"minecraft:oak_planks":20,"minecraft:cooked_porkchop":6,"minecraft:crafting_table":1,"minecraft:iron_helmet":1,"minecraft:wooden_pickaxe":1,"minecraft:cooked_chicken":6,"minecraft:furnace":2,"minecraft:cooked_mutton":1,"minecraft:air":0,"minecraft:iron_chestplate":1,"minecraft:stick":12,"minecraft:iron_ingot":18,"minecraft:iron_pickaxe":1,"minecraft:stone_pickaxe":1,"minecraft:stone_sword":1,"biomesoplenty:magic_planks":4,"minecraft:white_bed":2,"minecraft:torch":16},"minecraft:custom":{"minecraft:interact_with_furnace":55,"minecraft:mob_kills":34,"minecraft:interact_with_crafting_table":12,"minecraft:time_since_death":14518,"minecraft:sleep_in_bed":2,"minecraft:time_since_rest":804,"minecraft:sprint_one_cm":68115,"minecraft:damage_taken":965,"minecraft:walk_one_cm":93814,"minecraft:drop":19,"minecraft:damage_dealt":4412,"minecraft:fly_one_cm":90654,"minecraft:open_chest":4,"tombstone:undead_killed":11,"minecraft:crouch_one_cm":1593,"minecraft:play_time":30886,"minecraft:deaths":1,"minecraft:sneak_time":709,"minecraft:jump":543,"minecraft:total_world_time":30886,"minecraft:fall_one_cm":18391},"minecraft:killed":{"minecraft:pig":3,"minecraft:spider":1,"minecraft:sheep":7,"minecraft:skeleton":3,"minecraft:zombie":8,"minecraft:chicken":6,"alexsmobs:bison":1,"minecraft:cow":4},"minecraft:picked_up":{"minecraft:crafting_table":4,"minecraft:feather":7,"minecraft:chicken":6,"minecraft:leather":5,"minecraft:oak_log":5,"minecraft:string":2,"minecraft:cooked_mutton":1,"minecraft:bone":3,"minecraft:iron_ingot":1,"minecraft:beef":15,"biomesoplenty:magic_log":1,"minecraft:egg":5,"minecraft:furnace":4,"minecraft:stick":3,"minecraft:raw_iron":18,"minecraft:torch":2,"minecraft:porkchop":6,"tombstone:grave_dust":1,"minecraft:white_bed":2,"minecraft:spider_eye":1,"minecraft:arrow":6,"minecraft:rotten_flesh":3,"evilcraft:dark_gem":24,"minecraft:mutton":12,"minecraft:black_wool":1,"minecraft:coal":51,"minecraft:white_wool":6,"minecraft:cobblestone":47},"minecraft:killed_by":{"alexsmobs:bison":1},"minecraft:used":{"minecraft:cooked_mutton":2,"minecraft:stone_sword":104,"minecraft:stone_pickaxe":86,"minecraft:wooden_pickaxe":4,"minecraft:cooked_chicken":6,"minecraft:torch":16,"minecraft:crafting_table":4,"minecraft:white_bed":3,"minecraft:iron_pickaxe":4,"minecraft:cobblestone":3,"minecraft:furnace":4,"tombstone:gift":2,"minecraft:egg":1,"minecraft:cooked_beef":3}},"DataVersion":3465}