{"stats":{"minecraft:killed_by":{"minecraft:wither_skeleton":1,"alexsmobs:bison":1,"minecraft:hoglin":2,"minecraft:skeleton":3},"minecraft:picked_up":{"minecraft:stone_slab":3,"minecraft:lead":2,"minecraft:string":6,"minecraft:iron_leggings":2,"biomesoplenty:tall_lavender":7,"biomesoplenty:dead_sapling":6,"minecraft:deepslate_tiles":4,"minecraft:cobbled_deepslate":8,"biomesoplenty:fir_planks":1,"minecraft:rose_bush":3,"minecraft:cobblestone_slab":3,"minecraft:furnace":10,"minecraft:iron_boots":1,"minecraft:tipped_arrow":1,"minecraft:stick":28,"minecraft:music_disc_blocks":1,"minecraft:torch":30,"minecraft:brick_wall":2,"minecraft:porkchop":6,"minecraft:cherry_log":44,"tombstone:grave_dust":12,"minecraft:diorite":3,"minecraft:rotten_flesh":27,"minecraft:cyan_terracotta":17,"minecraft:cobblestone":367,"biomesoplenty:lavender":13,"minecraft:birch_log":15,"minecraft:pink_petals":110,"minecraft:feather":7,"minecraft:lilac":2,"minecraft:cherry_planks":2,"minecraft:andesite":3,"biomesoplenty:dead_log":51,"minecraft:smoker":1,"minecraft:potato":7,"biomesoplenty:fir_log":15,"minecraft:tuff":3,"minecraft:wither_skeleton_skull":1,"minecraft:lapis_lazuli":29,"minecraft:dirt":1878,"minecraft:polished_granite":1,"minecraft:bone":97,"minecraft:bow":2,"minecraft:wheat_seeds":100,"minecraft:raw_gold":13,"minecraft:oak_planks":65,"minecraft:cooked_porkchop":15,"minecraft:stripped_acacia_wood":1,"minecraft:sand":2,"minecraft:dark_prismarine":3,"minecraft:bundle":1,"minecraft:polished_andesite":17,"minecraft:sugar":3,"minecraft:diamond":2,"minecraft:granite":9,"minecraft:golden_apple":1,"biomesoplenty:dead_fence":4,"minecraft:bread":15,"minecraft:oak_sapling":2,"minecraft:bricks":2,"minecraft:crafting_table":12,"minecraft:azure_bluet":3,"minecraft:chicken":6,"biomesoplenty:jacaranda_sapling":3,"minecraft:cornflower":2,"minecraft:stone_stairs":1,"minecraft:cracked_stone_bricks":1,"minecraft:netherite_sword":1,"minecraft:beef":18,"minecraft:player_head":5,"minecraft:poppy":1,"minecraft:spruce_slab":2,"minecraft:sugar_cane":6,"minecraft:chest":2,"minecraft:birch_sapling":1,"minecraft:phantom_membrane":5,"minecraft:egg":5,"minecraft:raw_iron":56,"minecraft:redstone":5,"minecraft:dark_oak_planks":4,"minecraft:arrow":47,"tombstone:essence_of_undeath":1,"minecraft:gold_ingot":18,"minecraft:mutton":12,"minecraft:white_wool":6,"evilcraft:environmental_accumulation_core":1,"minecraft:leather":11,"minecraft:acacia_wood":1,"minecraft:filled_map":1,"minecraft:birch_planks":1,"minecraft:oak_log":25,"minecraft:cooked_mutton":1,"minecraft:stone_bricks":2,"minecraft:spruce_wood":1,"minecraft:iron_ingot":3,"biomesoplenty:magic_log":1,"minecraft:glass_bottle":1,"minecraft:book":129,"minecraft:chiseled_stone_bricks":3,"minecraft:red_wool":8,"minecraft:dandelion":8,"biomesoplenty:dead_planks":27,"minecraft:birch_stairs":5,"minecraft:white_bed":8,"minecraft:spider_eye":3,"evilcraft:dark_gem":53,"minecraft:cherry_sapling":22,"minecraft:birch_sign":1,"minecraft:terracotta":15,"tombstone:magic_scroll":2,"minecraft:black_wool":1,"minecraft:coal":73},"minecraft:killed":{"minecraft:witch":3,"minecraft:spider":2,"minecraft:skeleton":39,"minecraft:chicken":6,"minecraft:pig":3,"minecraft:zombie_villager":1,"minecraft:sheep":7,"minecraft:trader_llama":2,"minecraft:zombie":23,"alexsmobs:fly":1,"minecraft:cow":5,"alexsmobs:tiger":1,"minecraft:phantom":6,"alexsmobs:bison":1,"minecraft:hoglin":4,"minecraft:wither_skeleton":23},"minecraft:broken":{"minecraft:iron_shovel":4,"minecraft:iron_sword":1,"minecraft:iron_hoe":1,"minecraft:stone_sword":1,"minecraft:golden_axe":1,"minecraft:iron_helmet":2},"minecraft:mined":{"minecraft:dark_oak_planks":2,"minecraft:white_bed":8,"minecraft:cherry_log":44,"biomesoplenty:dead_leaves":101,"minecraft:granite":10,"minecraft:grass_block":996,"minecraft:chiseled_stone_bricks":3,"minecraft:spawner":22,"biomesoplenty:tall_lavender":7,"minecraft:iron_ore":33,"biomesoplenty:lavender":10,"minecraft:azure_bluet":1,"minecraft:player_head":4,"minecraft:cyan_terracotta":21,"minecraft:smoker":1,"minecraft:powder_snow":12,"minecraft:torch":8,"minecraft:poppy":1,"minecraft:chest":2,"minecraft:cobblestone":35,"minecraft:sugar_cane":4,"minecraft:oak_planks":47,"minecraft:bricks":2,"minecraft:wall_torch":11,"minecraft:pink_petals":13,"minecraft:stone_stairs":1,"minecraft:birch_log":15,"evilcraft:dark_ore_deepslate":2,"minecraft:wheat":1,"minecraft:lilac":2,"biomesoplenty:fir_log":15,"biomesoplenty:dead_log":51,"minecraft:grass":257,"biomesoplenty:clover":1,"minecraft:oak_log":25,"minecraft:dirt":41,"minecraft:oak_leaves":67,"minecraft:deepslate":6,"minecraft:deepslate_tiles":4,"minecraft:dark_prismarine":2,"minecraft:tuff":3,"minecraft:deepslate_diamond_ore":2,"biomesoplenty:dead_fence":4,"evilcraft:environmental_accumulator":1,"minecraft:furnace":10,"minecraft:acacia_wood":1,"minecraft:andesite":1,"evilcraft:dark_ore":8,"biomesoplenty:magic_log":1,"minecraft:bookshelf":40,"minecraft:cobblestone_slab":1,"minecraft:deepslate_iron_ore":23,"minecraft:vine":1,"minecraft:stone":106,"minecraft:cherry_planks":2,"minecraft:brick_wall":2,"minecraft:dandelion":4,"minecraft:polished_granite":1,"minecraft:crafting_table":12,"biomesoplenty:fir_planks":1,"minecraft:rose_bush":4,"minecraft:stone_slab":1,"minecraft:tall_grass":30,"minecraft:lapis_ore":5,"minecraft:deepslate_gold_ore":10,"minecraft:diorite":3,"minecraft:birch_leaves":31,"minecraft:coal_ore":29,"biomesoplenty:fir_leaves":2,"minecraft:cherry_leaves":113,"biomesoplenty:dead_planks":27,"minecraft:cracked_stone_bricks":1,"minecraft:terracotta":15,"minecraft:polished_andesite":19,"minecraft:stripped_acacia_wood":1,"minecraft:stone_bricks":2,"minecraft:gold_ore":3},"minecraft:used":{"minecraft:cherry_sapling":15,"minecraft:iron_shovel":1072,"biomesoplenty:dead_fence":39,"minecraft:chest":8,"minecraft:iron_sword":346,"minecraft:tuff":3,"minecraft:cyan_terracotta":3,"minecraft:furnace":12,"minecraft:egg":1,"minecraft:stone_pickaxe":86,"minecraft:oak_planks":47,"minecraft:wooden_pickaxe":4,"biomesoplenty:fir_planks":19,"biomesoplenty:lavender":1,"minecraft:golden_apple":1,"minecraft:crossbow":18,"biomesoplenty:dead_planks":105,"minecraft:deepslate_tiles":4,"minecraft:bread":57,"minecraft:polished_granite":1,"minecraft:diamond_sword":207,"minecraft:andesite":1,"minecraft:stone_sword":132,"minecraft:cooked_chicken":6,"minecraft:torch":69,"minecraft:dirt":1030,"minecraft:granite":9,"minecraft:iron_hoe":369,"minecraft:iron_axe":244,"biomesoplenty:dead_stairs":8,"tombstone:gift":9,"minecraft:cooked_beef":7,"minecraft:cobbled_deepslate":4,"biomesoplenty:dead_log":1,"minecraft:golden_axe":32,"minecraft:cooked_mutton":12,"minecraft:water_bucket":21,"minecraft:polished_andesite":16,"minecraft:cartography_table":1,"minecraft:cherry_planks":2,"minecraft:terracotta":11,"minecraft:crafting_table":19,"minecraft:birch_sign":1,"minecraft:white_bed":10,"justhammers:iron_hammer":13,"minecraft:dark_prismarine":2,"minecraft:iron_pickaxe":327,"tombstone:magic_scroll":1,"minecraft:cobblestone":144,"minecraft:cooked_porkchop":19,"minecraft:bucket":21,"biomesoplenty:dead_sapling":3},"minecraft:crafted":{"minecraft:oak_planks":100,"minecraft:cooked_chicken":6,"minecraft:cooked_mutton":11,"minecraft:iron_boots":1,"minecraft:chest":7,"minecraft:golden_axe":1,"sophisticatedbackpacks:backpack":1,"minecraft:cooked_porkchop":6,"minecraft:crafting_table":7,"minecraft:wooden_pickaxe":1,"minecraft:iron_helmet":3,"minecraft:birch_planks":32,"minecraft:cartography_table":1,"biomesoplenty:fir_planks":60,"minecraft:iron_chestplate":1,"minecraft:paper":6,"minecraft:stick":40,"minecraft:iron_ingot":56,"minecraft:iron_pickaxe":1,"minecraft:stone_sword":1,"minecraft:gold_ingot":13,"minecraft:cherry_planks":176,"minecraft:furnace":2,"biomesoplenty:dead_fence":36,"biomesoplenty:dead_stairs":8,"minecraft:iron_axe":1,"minecraft:iron_hoe":2,"minecraft:stone_pickaxe":1,"biomesoplenty:magic_planks":4,"sophisticatedbackpacks:iron_backpack":1,"minecraft:cooked_beef":15,"biomesoplenty:dead_planks":200,"minecraft:iron_sword":2,"sophisticatedbackpacks:gold_backpack":1,"minecraft:bucket":1,"minecraft:air":0,"justhammers:iron_hammer":1,"minecraft:iron_shovel":4,"minecraft:iron_leggings":1,"minecraft:white_bed":2,"minecraft:torch":44},"minecraft:custom":{"minecraft:interact_with_crafting_table":56,"minecraft:open_barrel":25,"minecraft:leave_game":2,"minecraft:time_since_death":87485,"minecraft:sprint_one_cm":525924,"minecraft:drop":148,"minecraft:talked_to_villager":1,"minecraft:play_time":271608,"minecraft:deaths":9,"minecraft:jump":4321,"minecraft:walk_on_water_one_cm":25043,"minecraft:interact_with_furnace":99,"minecraft:interact_with_cartography_table":1,"minecraft:sleep_in_bed":12,"minecraft:damage_dealt":35226,"minecraft:crouch_one_cm":70026,"tombstone:undead_killed":92,"minecraft:interact_with_smoker":3,"minecraft:mob_kills":136,"minecraft:climb_one_cm":24416,"minecraft:walk_one_cm":855634,"minecraft:sneak_time":19195,"minecraft:walk_under_water_one_cm":13088,"minecraft:boat_one_cm":30055,"minecraft:total_world_time":271608,"tombstone:raider_killed":9,"minecraft:time_since_rest":26743,"minecraft:damage_taken":8164,"minecraft:damage_absorbed":41,"tombstone:cast_on_ally":1,"minecraft:swim_one_cm":16883,"minecraft:fly_one_cm":725274,"minecraft:open_chest":75,"minecraft:fall_one_cm":136191},"minecraft:dropped":{"minecraft:iron_sword":3,"minecraft:acacia_wood":1,"minecraft:birch_planks":1,"minecraft:glass_bottle":1,"biomesoplenty:magic_planks":4,"minecraft:red_wool":8,"minecraft:cyan_terracotta":14,"minecraft:dirt":8,"minecraft:cornflower":1,"minecraft:phantom_membrane":2,"minecraft:sand":2,"minecraft:sugar":3,"minecraft:iron_pickaxe":2,"minecraft:dark_oak_planks":4,"minecraft:birch_stairs":5,"minecraft:gold_ingot":27,"minecraft:bone":5,"minecraft:music_disc_blocks":1,"minecraft:cobbled_deepslate":4,"minecraft:birch_sapling":1,"minecraft:rotten_flesh":27,"minecraft:oak_planks":10,"minecraft:azure_bluet":2,"minecraft:poppy":1,"minecraft:tipped_arrow":1,"minecraft:spruce_wood":1,"minecraft:spruce_slab":2,"minecraft:arrow":6,"biomesoplenty:tall_lavender":7,"minecraft:egg":4,"minecraft:bread":31,"minecraft:iron_ingot":21,"biomesoplenty:jacaranda_sapling":3,"minecraft:wheat_seeds":100,"biomesoplenty:lavender":12,"minecraft:feather":7,"minecraft:iron_helmet":1,"minecraft:cobblestone":13,"minecraft:golden_apple":1,"minecraft:stick":5,"minecraft:polished_andesite":1,"minecraft:diorite":3,"minecraft:torch":5,"minecraft:rose_bush":1,"minecraft:iron_leggings":1,"minecraft:iron_axe":1,"minecraft:paper":2,"minecraft:string":2,"minecraft:pink_petals":108,"minecraft:dandelion":4,"minecraft:redstone":5,"minecraft:bricks":2,"minecraft:brick_wall":2,"minecraft:iron_boots":2,"minecraft:stripped_acacia_wood":1,"minecraft:filled_map":2,"biomesoplenty:dead_sapling":3,"biomesoplenty:fir_planks":6,"minecraft:bundle":1,"minecraft:iron_chestplate":1,"minecraft:andesite":1,"minecraft:oak_sapling":2,"minecraft:spider_eye":3,"minecraft:bow":1,"minecraft:stone_pickaxe":1,"minecraft:wooden_pickaxe":1,"minecraft:dark_prismarine":1,"minecraft:black_wool":1,"minecraft:terracotta":4}},"DataVersion":3465}