{"stats":{"minecraft:dropped":{"minecraft:cobblestone":3,"minecraft:wooden_pickaxe":1},"minecraft:mined":{"minecraft:grass":1,"minecraft:oak_log":4,"minecraft:coal_ore":17,"minecraft:stone":23,"minecraft:crafting_table":1,"minecraft:oak_leaves":5},"minecraft:crafted":{"minecraft:stone_sword":1,"minecraft:oak_planks":16,"minecraft:crafting_table":1,"minecraft:stick":4,"minecraft:wooden_pickaxe":1,"minecraft:stone_pickaxe":1},"minecraft:custom":{"minecraft:time_since_rest":5840,"minecraft:crouch_one_cm":256,"minecraft:play_time":5840,"minecraft:sprint_one_cm":8078,"minecraft:damage_taken":60,"minecraft:walk_one_cm":14301,"minecraft:sneak_time":59,"minecraft:mob_kills":1,"minecraft:drop":2,"minecraft:jump":46,"minecraft:damage_dealt":109,"minecraft:time_since_death":5840,"minecraft:total_world_time":5840,"minecraft:fall_one_cm":896,"minecraft:interact_with_crafting_table":4,"minecraft:fly_one_cm":8109},"minecraft:killed":{"minecraft:chicken":1},"minecraft:picked_up":{"minecraft:crafting_table":1,"minecraft:stick":2,"minecraft:chicken":1,"minecraft:oak_log":4,"minecraft:coal":17,"minecraft:cobblestone":24,"minecraft:egg":1},"minecraft:used":{"minecraft:stone_sword":1,"minecraft:crafting_table":1,"minecraft:stone_pickaxe":39,"minecraft:egg":1,"minecraft:wooden_pickaxe":4}},"DataVersion":3465}