{"stats":{"minecraft:killed_by":{"minecraft:skeleton":2,"minecraft:zombie":1},"minecraft:picked_up":{"minecraft:crafting_table":7,"minecraft:chicken":8,"minecraft:leather_leggings":1,"minecraft:stone_slab":15,"minecraft:lead":1,"minecraft:potion":2,"minecraft:enchanted_book":2,"minecraft:brewing_stand":1,"minecraft:string":5,"minecraft:flint_and_steel":1,"minecraft:iron_leggings":1,"minecraft:cracked_stone_bricks":1,"minecraft:tnt_minecart":1,"minecraft:cobbled_deepslate":93,"minecraft:netherite_sword":1,"minecraft:spruce_planks":2,"minecraft:beef":64,"minecraft:rose_bush":1,"minecraft:cobblestone_slab":2,"minecraft:player_head":1,"minecraft:sugar_cane":3,"minecraft:chest":4,"minecraft:birch_sapling":1,"minecraft:phantom_membrane":2,"minecraft:furnace":5,"minecraft:egg":3,"minecraft:raw_iron":84,"minecraft:sandstone":15,"minecraft:torch":8,"minecraft:fire_charge":2,"minecraft:porkchop":72,"tombstone:grave_dust":3,"minecraft:diorite":7,"minecraft:redstone":14,"minecraft:arrow":14,"minecraft:rotten_flesh":23,"minecraft:hay_block":36,"minecraft:saddle":1,"minecraft:gold_ingot":12,"evilcraft:condensed_blood":7,"minecraft:glow_berries":1,"minecraft:obsidian":2,"minecraft:mutton":11,"minecraft:white_wool":7,"minecraft:cobblestone":431,"biomesoplenty:lavender":16,"minecraft:feather":8,"minecraft:glow_ink_sac":5,"minecraft:andesite":22,"minecraft:leather":44,"minecraft:red_glazed_terracotta":1,"minecraft:filled_map":1,"biomesoplenty:fir_log":47,"minecraft:flint":2,"minecraft:tuff":4,"minecraft:oak_log":20,"minecraft:gunpowder":1,"minecraft:dirt":20,"tombstone:familiar_receptacle":1,"minecraft:polished_granite":1,"minecraft:bone":48,"minecraft:stone_bricks":10,"minecraft:wheat_seeds":8,"biomesoplenty:fir_boat":2,"minecraft:raw_gold":54,"minecraft:iron_ingot":41,"minecraft:mossy_stone_bricks":3,"minecraft:iron_sword":2,"minecraft:oak_planks":18,"minecraft:sculk_catalyst":1,"minecraft:cooked_porkchop":6,"minecraft:sculk":4,"minecraft:gravel":11,"justhammers:iron_hammer":1,"minecraft:sand":6,"minecraft:amethyst_shard":14,"minecraft:soul_torch":7,"minecraft:white_bed":8,"minecraft:pumpkin_seeds":2,"minecraft:sculk_sensor":2,"evilcraft:dark_gem":120,"minecraft:granite":9,"minecraft:golden_apple":1,"tombstone:magic_scroll":1,"minecraft:melon_seeds":4,"minecraft:dark_oak_fence":4,"minecraft:coal":438},"minecraft:killed":{"minecraft:spider":2,"minecraft:phantom":1,"minecraft:skeleton":13,"minecraft:horse":6,"minecraft:chicken":7,"minecraft:pig":24,"minecraft:hoglin":2,"minecraft:creeper":1,"minecraft:sheep":5,"minecraft:zombie":11,"alexsmobs:cockroach":1,"minecraft:wither_skeleton":8,"minecraft:cow":21},"minecraft:broken":{"minecraft:stone_pickaxe":2},"minecraft:mined":{"biomesoplenty:orange_autumn_leaves":1,"minecraft:spruce_planks":2,"minecraft:white_bed":7,"minecraft:brewing_stand":1,"minecraft:dark_oak_fence":2,"minecraft:grass_block":1,"minecraft:spruce_leaves":1,"minecraft:spawner":4,"minecraft:hay_block":36,"minecraft:furnace":5,"minecraft:iron_ore":8,"minecraft:fire":3,"biomesoplenty:lavender":10,"evilcraft:dark_ore":11,"minecraft:bookshelf":1,"minecraft:stone":123,"minecraft:crafting_table":7,"minecraft:torch":2,"minecraft:chest":2,"minecraft:rose_bush":1,"minecraft:tall_grass":6,"minecraft:cobblestone":1,"minecraft:sugar_cane":1,"minecraft:diorite":2,"minecraft:wall_torch":5,"minecraft:lilac":1,"minecraft:birch_leaves":4,"biomesoplenty:fir_log":50,"minecraft:grass":42,"minecraft:coal_ore":105,"minecraft:oak_log":20,"biomesoplenty:fir_leaves":7,"minecraft:sand":7,"minecraft:gravel":13,"minecraft:cobweb":1,"minecraft:oak_leaves":14},"minecraft:used":{"minecraft:stone_sword":56,"minecraft:flint_and_steel":12,"minecraft:shield":13,"minecraft:iron_sword":434,"minecraft:cooked_chicken":7,"minecraft:torch":114,"minecraft:dirt":1,"minecraft:iron_axe":57,"minecraft:bow":8,"minecraft:furnace":6,"tombstone:gift":3,"minecraft:cooked_beef":2,"minecraft:cooked_mutton":7,"minecraft:diorite":2,"minecraft:stone_pickaxe":263,"biomesoplenty:fir_boat":2,"minecraft:glow_berries":2,"minecraft:sand":5,"minecraft:crafting_table":8,"minecraft:white_bed":7,"justhammers:iron_hammer":102,"tombstone:bag_of_seeds":1,"minecraft:cobblestone":149,"minecraft:potion":1,"minecraft:porkchop":7,"minecraft:cooked_porkchop":18},"minecraft:crafted":{"minecraft:oak_planks":80,"minecraft:cooked_chicken":7,"minecraft:furnace":3,"minecraft:cooked_mutton":8,"minecraft:iron_boots":1,"minecraft:iron_axe":1,"minecraft:stone_pickaxe":2,"minecraft:chest":1,"sophisticatedbackpacks:iron_backpack":1,"minecraft:cooked_beef":24,"biomesoplenty:fir_boat":1,"sophisticatedbackpacks:backpack":1,"minecraft:cooked_porkchop":21,"minecraft:crafting_table":3,"minecraft:iron_helmet":1,"minecraft:iron_sword":1,"sophisticatedbackpacks:gold_backpack":1,"minecraft:air":0,"biomesoplenty:fir_planks":8,"justhammers:iron_hammer":1,"minecraft:iron_chestplate":1,"minecraft:shield":1,"minecraft:stick":40,"minecraft:iron_ingot":40,"minecraft:stone_sword":1,"minecraft:iron_leggings":1,"minecraft:torch":108},"minecraft:custom":{"minecraft:mob_kills":104,"minecraft:interact_with_crafting_table":20,"minecraft:open_barrel":5,"minecraft:leave_game":2,"minecraft:time_since_death":84451,"minecraft:climb_one_cm":6157,"minecraft:sprint_one_cm":479891,"minecraft:walk_one_cm":317443,"minecraft:damage_blocked_by_shield":405,"minecraft:drop":103,"minecraft:play_time":173336,"minecraft:deaths":4,"minecraft:sneak_time":14777,"minecraft:walk_under_water_one_cm":9656,"minecraft:boat_one_cm":17505,"minecraft:jump":2648,"minecraft:walk_on_water_one_cm":16366,"minecraft:total_world_time":173336,"minecraft:interact_with_furnace":38,"tombstone:raider_killed":1,"minecraft:sleep_in_bed":9,"minecraft:time_since_rest":31339,"minecraft:damage_taken":4527,"minecraft:damage_dealt":17104,"minecraft:swim_one_cm":22220,"minecraft:fly_one_cm":490189,"minecraft:open_chest":11,"minecraft:crouch_one_cm":53491,"tombstone:undead_killed":33,"minecraft:fall_one_cm":74196},"minecraft:dropped":{"minecraft:enchanted_book":1,"minecraft:iron_ingot":41,"minecraft:iron_sword":2,"minecraft:porkchop":6,"minecraft:wheat_seeds":8,"minecraft:glass_bottle":1,"minecraft:crafting_table":1,"minecraft:pitcher_pod":1,"biomesoplenty:lavender":16,"minecraft:feather":8,"minecraft:cobblestone":39,"minecraft:leather":22,"evilcraft:dark_gem":60,"minecraft:granite":9,"minecraft:cracked_stone_bricks":1,"minecraft:coal":121,"minecraft:golden_apple":1,"minecraft:flint":2,"minecraft:dirt":19,"minecraft:sculk":4,"minecraft:diorite":5,"minecraft:dark_oak_fence":4,"minecraft:sculk_catalyst":1,"minecraft:mutton":3,"minecraft:rose_bush":2,"minecraft:fire_charge":2,"minecraft:iron_leggings":1,"minecraft:phantom_membrane":1,"minecraft:string":3,"minecraft:white_wool":5,"minecraft:gold_ingot":12,"minecraft:bone":40,"minecraft:gravel":11,"minecraft:red_glazed_terracotta":1,"minecraft:furnace":1,"minecraft:stone_sword":1,"alexsmobs:animal_dictionary":1,"minecraft:cobbled_deepslate":93,"minecraft:tuff":4,"minecraft:birch_sapling":1,"minecraft:obsidian":2,"minecraft:raw_iron":5,"minecraft:chicken":1,"minecraft:sculk_sensor":2,"minecraft:rotten_flesh":27,"minecraft:oak_planks":44,"justhammers:iron_hammer":1,"minecraft:torchflower_seeds":5,"minecraft:pumpkin_seeds":6,"minecraft:flint_and_steel":1,"minecraft:filled_map":2,"minecraft:potato":7,"minecraft:gunpowder":2,"minecraft:andesite":22,"minecraft:melon_seeds":8,"minecraft:mossy_stone_bricks":3,"minecraft:chest":4,"minecraft:sandstone":15,"minecraft:beef":20,"minecraft:raw_gold":15,"minecraft:polished_granite":1,"minecraft:egg":3}},"DataVersion":3465}