{"stats":{"minecraft:dropped":{"minecraft:birch_sapling":1},"minecraft:mined":{"minecraft:white_bed":2,"minecraft:furnace":2,"minecraft:iron_ore":4,"minecraft:fire":3,"minecraft:birch_leaves":4,"evilcraft:dark_ore":7,"minecraft:torch":1,"minecraft:crafting_table":3,"minecraft:grass":1,"minecraft:coal_ore":81,"minecraft:oak_log":20,"minecraft:gravel":13,"minecraft:stone":114,"minecraft:diorite":2},"minecraft:crafted":{"minecraft:oak_planks":80,"minecraft:cooked_porkchop":6,"minecraft:crafting_table":1,"minecraft:stick":24,"minecraft:cooked_chicken":6,"minecraft:stone_pickaxe":2,"minecraft:stone_sword":1,"minecraft:furnace":1,"minecraft:torch":76,"minecraft:air":0},"minecraft:custom":{"minecraft:time_since_rest":804,"minecraft:interact_with_furnace":7,"minecraft:sprint_one_cm":85656,"minecraft:damage_taken":665,"minecraft:walk_one_cm":66667,"minecraft:mob_kills":15,"minecraft:drop":1,"minecraft:damage_dealt":1493,"minecraft:swim_one_cm":1156,"minecraft:interact_with_crafting_table":4,"minecraft:fly_one_cm":66633,"minecraft:open_chest":1,"minecraft:crouch_one_cm":5323,"minecraft:deaths":1,"minecraft:play_time":35024,"tombstone:undead_killed":4,"minecraft:sneak_time":2085,"minecraft:walk_under_water_one_cm":194,"minecraft:jump":519,"minecraft:leave_game":1,"minecraft:walk_on_water_one_cm":506,"minecraft:time_since_death":16960,"minecraft:sleep_in_bed":2,"minecraft:total_world_time":35024,"minecraft:fall_one_cm":7636},"minecraft:broken":{"minecraft:stone_pickaxe":1},"minecraft:killed":{"minecraft:skeleton":1,"minecraft:zombie":3,"minecraft:pig":2,"minecraft:chicken":7,"minecraft:spider":1},"minecraft:picked_up":{"minecraft:raw_iron":4,"minecraft:crafting_table":3,"minecraft:feather":8,"minecraft:chicken":7,"minecraft:torch":2,"minecraft:flint":2,"minecraft:gravel":11,"minecraft:porkchop":6,"minecraft:oak_log":20,"minecraft:diorite":2,"minecraft:white_bed":2,"minecraft:string":2,"minecraft:arrow":1,"evilcraft:dark_gem":33,"minecraft:coal":81,"minecraft:birch_sapling":1,"minecraft:oak_planks":2,"minecraft:furnace":2,"minecraft:cobblestone":116,"minecraft:egg":3},"minecraft:killed_by":{"minecraft:zombie":1},"minecraft:used":{"minecraft:stone_sword":37,"minecraft:flint_and_steel":12,"minecraft:stone_pickaxe":224,"minecraft:cooked_chicken":6,"minecraft:torch":13,"minecraft:cobblestone":2,"minecraft:crafting_table":3,"minecraft:cooked_porkchop":1,"minecraft:furnace":2,"minecraft:white_bed":1}},"DataVersion":3465}