{"stats":{"minecraft:killed_by":{"minecraft:skeleton":2,"minecraft:zombie":1},"minecraft:picked_up":{"minecraft:crafting_table":7,"minecraft:chicken":8,"minecraft:leather_leggings":1,"minecraft:stone_slab":15,"minecraft:lead":1,"minecraft:potion":2,"minecraft:enchanted_book":2,"minecraft:brewing_stand":1,"minecraft:string":27,"minecraft:flint_and_steel":1,"minecraft:iron_leggings":1,"biomesoplenty:tall_lavender":29,"minecraft:cracked_stone_bricks":1,"biomesoplenty:dead_sapling":3,"minecraft:tnt_minecart":1,"minecraft:cobbled_deepslate":93,"minecraft:netherite_sword":1,"biomesoplenty:fir_planks":41,"minecraft:spruce_planks":2,"minecraft:beef":65,"minecraft:rose_bush":1,"minecraft:cobblestone_slab":2,"minecraft:player_head":1,"minecraft:light_gray_wool":1,"evilcraft:blood_extractor":2,"minecraft:sugar_cane":3,"minecraft:chest":4,"minecraft:birch_sapling":1,"minecraft:phantom_membrane":2,"minecraft:furnace":5,"minecraft:egg":3,"minecraft:stick":6,"minecraft:raw_iron":86,"minecraft:sandstone":15,"minecraft:composter":2,"minecraft:torch":32,"minecraft:fire_charge":2,"minecraft:porkchop":72,"tombstone:grave_dust":5,"minecraft:diorite":7,"minecraft:redstone":14,"minecraft:arrow":14,"minecraft:rotten_flesh":26,"biomesoplenty:jacaranda_log":17,"minecraft:hay_block":57,"biomesoplenty:fir_slab":251,"minecraft:saddle":1,"minecraft:gold_ingot":12,"evilcraft:condensed_blood":7,"minecraft:glow_berries":1,"minecraft:obsidian":2,"minecraft:mutton":12,"minecraft:white_wool":7,"minecraft:cobblestone":1312,"biomesoplenty:lavender":474,"minecraft:feather":8,"minecraft:glow_ink_sac":5,"minecraft:water_bucket":1,"minecraft:andesite":22,"minecraft:leather":44,"minecraft:red_glazed_terracotta":1,"biomesoplenty:fir_sapling":1,"minecraft:filled_map":1,"biomesoplenty:fir_log":204,"minecraft:flint":2,"minecraft:tuff":4,"minecraft:oak_log":144,"biomesoplenty:jacaranda_planks":3,"minecraft:gunpowder":6,"minecraft:dirt":2818,"tombstone:familiar_receptacle":1,"minecraft:polished_granite":1,"minecraft:bone":48,"minecraft:stone_bricks":10,"minecraft:wheat_seeds":44,"biomesoplenty:fir_boat":5,"minecraft:raw_gold":54,"minecraft:iron_ingot":41,"minecraft:mossy_stone_bricks":3,"minecraft:iron_sword":2,"minecraft:oak_planks":18,"minecraft:sculk_catalyst":1,"minecraft:cooked_porkchop":6,"minecraft:sculk":4,"minecraft:gravel":11,"justhammers:iron_hammer":1,"biomesoplenty:dead_planks":1,"minecraft:sand":6,"minecraft:amethyst_shard":14,"minecraft:grass_block":1,"minecraft:soul_torch":7,"minecraft:white_bed":12,"minecraft:pumpkin_seeds":2,"minecraft:sculk_sensor":2,"evilcraft:dark_gem":120,"minecraft:granite":9,"minecraft:golden_apple":1,"tombstone:magic_scroll":1,"minecraft:oak_sapling":2,"minecraft:melon_seeds":4,"minecraft:dark_oak_fence":4,"minecraft:coal":502,"minecraft:ender_pearl":2},"minecraft:killed":{"minecraft:spider":4,"minecraft:phantom":1,"minecraft:skeleton":13,"minecraft:horse":6,"minecraft:chicken":7,"minecraft:pig":24,"minecraft:hoglin":2,"minecraft:creeper":6,"minecraft:sheep":6,"minecraft:zombie":15,"alexsmobs:cockroach":1,"minecraft:wither_skeleton":8,"minecraft:enderman":3,"minecraft:cow":22},"minecraft:broken":{"minecraft:iron_shovel":10,"minecraft:stone_pickaxe":2,"minecraft:iron_axe":2},"minecraft:mined":{"biomesoplenty:orange_autumn_leaves":1,"minecraft:spruce_planks":2,"minecraft:white_bed":11,"minecraft:brewing_stand":1,"minecraft:dark_oak_fence":2,"biomesoplenty:fir_slab":200,"minecraft:grass_block":1318,"biomesoplenty:flowering_oak_leaves":6,"minecraft:spruce_leaves":1,"minecraft:composter":2,"minecraft:spawner":4,"minecraft:hay_block":57,"biomesoplenty:jacaranda_log":17,"biomesoplenty:tall_lavender":23,"minecraft:furnace":5,"minecraft:iron_ore":11,"minecraft:fire":3,"biomesoplenty:lavender":393,"evilcraft:dark_ore":11,"minecraft:bookshelf":1,"minecraft:dirt_path":1,"minecraft:stone":157,"biomesoplenty:jacaranda_leaves":2,"biomesoplenty:jacaranda_planks":3,"minecraft:crafting_table":7,"minecraft:torch":27,"biomesoplenty:fir_planks":41,"minecraft:chest":2,"minecraft:rose_bush":1,"minecraft:tall_grass":29,"minecraft:cobblestone":7,"minecraft:sugar_cane":1,"minecraft:diorite":2,"minecraft:wall_torch":5,"minecraft:lilac":1,"minecraft:birch_leaves":4,"biomesoplenty:fir_log":209,"minecraft:grass":302,"minecraft:coal_ore":107,"minecraft:oak_log":146,"evilcraft:blood_stain":1,"biomesoplenty:fir_leaves":23,"minecraft:sand":7,"minecraft:gravel":14,"minecraft:dirt":1691,"minecraft:cobweb":25,"biomesoplenty:dead_planks":1,"minecraft:oak_leaves":42},"minecraft:used":{"minecraft:oak_fence":133,"minecraft:iron_shovel":3032,"minecraft:stone_sword":56,"minecraft:flint_and_steel":12,"minecraft:chest":2,"minecraft:shield":13,"minecraft:iron_sword":521,"minecraft:cooked_chicken":7,"minecraft:torch":263,"minecraft:dirt":1951,"evilcraft:bucket_blood":6,"biomesoplenty:tall_lavender":2,"minecraft:iron_axe":656,"minecraft:bow":8,"minecraft:furnace":7,"tombstone:gift":5,"minecraft:cooked_beef":17,"minecraft:cooked_mutton":7,"minecraft:water_bucket":120,"minecraft:diorite":2,"minecraft:stone_pickaxe":263,"biomesoplenty:fir_planks":519,"biomesoplenty:fir_boat":5,"minecraft:glow_berries":2,"minecraft:sand":5,"biomesoplenty:fir_slab":881,"minecraft:crafting_table":9,"minecraft:white_bed":12,"biomesoplenty:jacaranda_planks":25,"justhammers:iron_hammer":346,"tombstone:bag_of_seeds":1,"minecraft:iron_pickaxe":40,"biomesoplenty:fir_stairs":8,"minecraft:cobblestone":198,"minecraft:potion":1,"minecraft:porkchop":7,"minecraft:cooked_porkchop":25,"minecraft:bucket":126,"minecraft:soul_torch":5},"minecraft:crafted":{"biomesoplenty:fir_stairs":8,"minecraft:oak_planks":576,"minecraft:cooked_chicken":7,"minecraft:furnace":4,"minecraft:stone":56,"minecraft:cooked_mutton":8,"minecraft:bow":1,"minecraft:iron_boots":1,"minecraft:iron_axe":3,"biomesoplenty:fir_slab":640,"minecraft:stone_pickaxe":2,"minecraft:chest":3,"morebows:iron_bow":1,"minecraft:oak_fence":144,"sophisticatedbackpacks:iron_backpack":1,"minecraft:cooked_beef":24,"biomesoplenty:jacaranda_planks":68,"biomesoplenty:fir_boat":1,"sophisticatedbackpacks:backpack":1,"minecraft:cooked_porkchop":21,"minecraft:crafting_table":3,"minecraft:iron_helmet":1,"minecraft:iron_sword":1,"sophisticatedbackpacks:gold_backpack":1,"minecraft:bucket":2,"minecraft:air":0,"biomesoplenty:fir_planks":816,"justhammers:iron_hammer":3,"minecraft:iron_chestplate":1,"minecraft:shield":1,"minecraft:stick":452,"minecraft:iron_ingot":40,"minecraft:stone_sword":1,"minecraft:iron_shovel":14,"minecraft:iron_leggings":1,"minecraft:torch":240},"minecraft:custom":{"minecraft:mob_kills":122,"minecraft:interact_with_crafting_table":51,"minecraft:open_barrel":5,"minecraft:leave_game":3,"minecraft:time_since_death":237087,"minecraft:climb_one_cm":6483,"minecraft:sprint_one_cm":898365,"minecraft:walk_one_cm":1111573,"minecraft:damage_blocked_by_shield":405,"minecraft:drop":171,"minecraft:play_time":417618,"minecraft:deaths":5,"minecraft:sneak_time":40776,"minecraft:walk_under_water_one_cm":12057,"minecraft:boat_one_cm":17505,"minecraft:jump":5475,"minecraft:walk_on_water_one_cm":37553,"minecraft:total_world_time":417618,"minecraft:interact_with_furnace":43,"tombstone:raider_killed":1,"minecraft:sleep_in_bed":16,"minecraft:time_since_rest":10556,"minecraft:damage_taken":6905,"minecraft:damage_dealt":20640,"minecraft:swim_one_cm":34642,"minecraft:fly_one_cm":957641,"minecraft:open_chest":36,"minecraft:crouch_one_cm":170442,"tombstone:undead_killed":37,"minecraft:fall_one_cm":131995},"minecraft:dropped":{"minecraft:enchanted_book":1,"minecraft:iron_ingot":41,"minecraft:iron_sword":2,"minecraft:porkchop":6,"minecraft:wheat_seeds":43,"evilcraft:condensed_blood":7,"minecraft:glass_bottle":1,"minecraft:crafting_table":1,"minecraft:pitcher_pod":1,"biomesoplenty:lavender":463,"minecraft:feather":8,"minecraft:cobblestone":1046,"minecraft:leather":22,"evilcraft:dark_gem":120,"minecraft:granite":9,"minecraft:cracked_stone_bricks":1,"biomesoplenty:fir_slab":1,"minecraft:coal":121,"minecraft:golden_apple":1,"minecraft:flint":2,"minecraft:dirt":822,"evilcraft:blood_extractor":1,"minecraft:sculk":4,"minecraft:diorite":5,"minecraft:dark_oak_fence":4,"minecraft:sculk_catalyst":1,"minecraft:mutton":3,"minecraft:rose_bush":2,"minecraft:fire_charge":2,"minecraft:iron_leggings":1,"minecraft:sand":1,"minecraft:phantom_membrane":1,"minecraft:iron_shovel":1,"minecraft:string":3,"minecraft:white_wool":5,"minecraft:gold_ingot":12,"minecraft:bone":40,"minecraft:gravel":11,"minecraft:red_glazed_terracotta":1,"minecraft:furnace":1,"minecraft:stone_sword":1,"alexsmobs:animal_dictionary":1,"minecraft:cobbled_deepslate":93,"minecraft:tuff":4,"minecraft:birch_sapling":1,"minecraft:obsidian":2,"minecraft:raw_iron":5,"minecraft:chicken":1,"minecraft:sculk_sensor":2,"minecraft:rotten_flesh":29,"minecraft:oak_planks":44,"justhammers:iron_hammer":4,"minecraft:torchflower_seeds":5,"minecraft:pumpkin_seeds":6,"minecraft:flint_and_steel":1,"minecraft:filled_map":2,"minecraft:potato":7,"minecraft:stone":56,"minecraft:gunpowder":2,"minecraft:andesite":22,"minecraft:melon_seeds":8,"minecraft:mossy_stone_bricks":3,"minecraft:chest":4,"minecraft:sandstone":15,"minecraft:beef":20,"minecraft:raw_gold":15,"biomesoplenty:tall_lavender":27,"minecraft:polished_granite":1,"minecraft:egg":3}},"DataVersion":3465}