{"stats":{"minecraft:mined":{"minecraft:grass":1,"minecraft:oak_log":20,"minecraft:stone":46,"minecraft:crafting_table":1},"minecraft:crafted":{"minecraft:stone_sword":1,"minecraft:oak_planks":80,"minecraft:crafting_table":1,"minecraft:stick":4,"minecraft:stone_pickaxe":1},"minecraft:custom":{"minecraft:time_since_rest":9978,"minecraft:crouch_one_cm":470,"minecraft:sprint_one_cm":13716,"minecraft:play_time":9978,"minecraft:damage_taken":35,"tombstone:undead_killed":1,"minecraft:walk_one_cm":13260,"minecraft:sneak_time":287,"minecraft:mob_kills":2,"minecraft:jump":50,"minecraft:damage_dealt":111,"minecraft:time_since_death":9978,"minecraft:total_world_time":9978,"minecraft:interact_with_crafting_table":2,"minecraft:fall_one_cm":745,"minecraft:fly_one_cm":4951},"minecraft:killed":{"minecraft:skeleton":1,"minecraft:chicken":1},"minecraft:picked_up":{"minecraft:chicken":1,"minecraft:feather":1,"minecraft:crafting_table":1,"minecraft:arrow":1,"minecraft:oak_log":20,"minecraft:cobblestone":48,"minecraft:egg":1},"minecraft:used":{"minecraft:stone_sword":1,"minecraft:crafting_table":1,"minecraft:stone_pickaxe":46}},"DataVersion":3465}