{"stats":{"minecraft:dropped":{"minecraft:birch_sapling":1},"minecraft:mined":{"minecraft:white_bed":1,"minecraft:furnace":1,"minecraft:birch_leaves":4,"minecraft:crafting_table":2,"minecraft:grass":1,"minecraft:oak_log":20,"minecraft:stone":46},"minecraft:crafted":{"minecraft:oak_planks":80,"minecraft:cooked_porkchop":6,"minecraft:crafting_table":1,"minecraft:stick":4,"minecraft:cooked_chicken":6,"minecraft:stone_pickaxe":1,"minecraft:stone_sword":1,"minecraft:furnace":1,"minecraft:air":0},"minecraft:custom":{"minecraft:time_since_rest":2416,"minecraft:interact_with_furnace":6,"minecraft:sprint_one_cm":60202,"minecraft:damage_taken":530,"minecraft:walk_one_cm":37770,"minecraft:mob_kills":14,"minecraft:drop":1,"minecraft:damage_dealt":1308,"minecraft:interact_with_crafting_table":3,"minecraft:fly_one_cm":45331,"minecraft:open_chest":1,"minecraft:crouch_one_cm":616,"minecraft:deaths":1,"minecraft:play_time":21978,"tombstone:undead_killed":4,"minecraft:sneak_time":325,"minecraft:jump":292,"minecraft:time_since_death":3914,"minecraft:sleep_in_bed":1,"minecraft:total_world_time":21978,"minecraft:fall_one_cm":5153},"minecraft:killed":{"minecraft:skeleton":1,"minecraft:zombie":3,"minecraft:pig":2,"minecraft:chicken":7,"minecraft:spider":1},"minecraft:picked_up":{"minecraft:crafting_table":2,"minecraft:feather":8,"minecraft:chicken":7,"minecraft:porkchop":6,"minecraft:oak_log":20,"minecraft:white_bed":1,"minecraft:string":2,"minecraft:arrow":1,"minecraft:birch_sapling":1,"minecraft:oak_planks":2,"minecraft:furnace":1,"minecraft:cobblestone":48,"minecraft:egg":3},"minecraft:killed_by":{"minecraft:zombie":1},"minecraft:used":{"minecraft:stone_sword":33,"minecraft:stone_pickaxe":47,"minecraft:cooked_chicken":4,"minecraft:crafting_table":2,"minecraft:furnace":1}},"DataVersion":3465}